/*
Navicat MySQL Data Transfer

Source Server         : aliyun-vue
Source Server Version : 50562
Source Host           : 47.106.83.53:3306
Source Database       : vueshop

Target Server Type    : MYSQL
Target Server Version : 50562
File Encoding         : 65001

Date: 2020-09-11 16:47:26
*/

SET FOREIGN_KEY_CHECKS=0;

-- ----------------------------
-- Table structure for address
-- ----------------------------
DROP TABLE IF EXISTS `address`;
CREATE TABLE `address` (
  `id` int(11) NOT NULL AUTO_INCREMENT,
  `name` varchar(50) DEFAULT NULL,
  `tel` char(20) DEFAULT NULL,
  `province` varchar(30) DEFAULT NULL,
  `city` varchar(30) DEFAULT NULL,
  `country` varchar(30) DEFAULT NULL,
  `add_time` datetime DEFAULT NULL,
  `postalCode` varchar(10) DEFAULT NULL,
  `isDefault` tinyint(4) DEFAULT '0',
  `areaCode` varchar(255) DEFAULT NULL,
  `addressDetail` varchar(255) DEFAULT NULL,
  `user_id` int(11) DEFAULT NULL,
  PRIMARY KEY (`id`)
) ENGINE=InnoDB AUTO_INCREMENT=402 DEFAULT CHARSET=utf8 ROW_FORMAT=COMPACT;

-- ----------------------------
-- Records of address
-- ----------------------------
INSERT INTO `address` VALUES ('3', '李南', '131678911111', null, null, null, null, null, '0', null, null, '2');
INSERT INTO `address` VALUES ('5', '汪玮', '13411112222', '广东省', '深圳市', '宝安区', null, '123123', '0', 'undefined', '是是是校区45号', '2');
INSERT INTO `address` VALUES ('6', '汪玮', '13411112222', '广东省', '深圳市', '宝安区', null, '123123', '1', '120000-120100-120102', '是是是校区45号', '2');
INSERT INTO `address` VALUES ('23', '某某', '12345678909', '黑龙江省', '大兴安岭地区', '新林区', '2020-09-09 21:40:41', '666666', '0', '230000-232700-232793', '888号', '11');
INSERT INTO `address` VALUES ('28', '哦哦', '12345678909', '内蒙古自治区', '呼伦贝尔市', '莫力达瓦达斡尔族自治旗', '2020-09-09 22:09:59', '123456', '1', '150000-150700-150722', 'sss', '11');
INSERT INTO `address` VALUES ('33', '拉斐尔', '13512345678', '福建省', '宁德市', '福鼎市', '2020-09-08 17:11:42', '123567', '0', '350000-350900-350982', '10086号房', '11');
INSERT INTO `address` VALUES ('60', '王伍德', '12345678901', '', '', '', '2020-09-09 20:02:05', '123456', '0', '900000-913200', '魔得角', '44');
INSERT INTO `address` VALUES ('66', 'homihomi123', '12344445555', '河北省', '石家庄市', '长安区', '2020-09-09 22:20:24', '123123', '1', '130000-130100-130102', '4222街123号12', '32');
INSERT INTO `address` VALUES ('75', '™', '12345678909', '上海市', '上海市', '金山区', '2020-09-09 20:05:35', '232329', '1', '310000-310100-310116', '3号楼', '44');
INSERT INTO `address` VALUES ('94', 'kkkkk', '12311114444', '北京市', '北京市', '延庆区', '2020-09-09 21:25:45', '333333', '1', '110000-110100-110119', 'asd123444123', '6');
INSERT INTO `address` VALUES ('96', 'homi2', '12333334444', '上海市', '上海市', '杨浦区', '2020-09-09 22:19:55', '234323', '0', '310000-310100-310110', '4222号', '32');
INSERT INTO `address` VALUES ('98', 'luo', '13212312331', '北京市', '北京市', '', '2020-09-11 16:34:15', '324122', '1', '110105', '33', '42');
INSERT INTO `address` VALUES ('111', 'test', '13333333333', '广东省', '汕头市', '潮南区', '2020-09-08 21:21:15', '515135', '1', '440514', '沙陇草埔', '0');
INSERT INTO `address` VALUES ('127', 'dasftxrf', '12312312322', '山西省', '阳泉市', '', '2020-09-11 16:46:40', '122222', '1', '140303', '123212', '42');
INSERT INTO `address` VALUES ('128', '张凯升', '13588888888', '辽宁省', '大连市', '沙河口区', '2020-09-10 14:04:22', '553331', '1', '210204', '哈尔滨12号', '50');
INSERT INTO `address` VALUES ('131', 'das', '12312312321', '天津市', '天津市', '河东区', '2020-09-08 23:38:01', '122222', '0', '120102', '123', '127');
INSERT INTO `address` VALUES ('132', 'das', '12312312321', '天津市', '天津市', '河东区', '2020-09-08 23:38:01', '122222', '0', '120102', '123', '127');
INSERT INTO `address` VALUES ('133', 'aa', '12111111111', '北京市', '北京市', '东城区', '2020-09-08 21:05:59', '121212', '1', '110000-110100-110101', '天安门', '49');
INSERT INTO `address` VALUES ('148', '尔尔', '13588888888', '江苏省', '南京市', '秦淮区', '2020-09-10 14:04:22', '454545', '0', '320104', '12号', '50');
INSERT INTO `address` VALUES ('150', '小小', '13566666666', '河南省', '洛阳市', '涧西区', '2020-09-10 14:04:22', '565656', '0', '410305', '89号', '50');
INSERT INTO `address` VALUES ('154', '肥仔', '12345678901', '天津市', '天津市', '河东区', '2020-09-10 21:58:16', '123456', '1', '120000-120100-120102', '某某路某某街道', '41');
INSERT INTO `address` VALUES ('163', '123', '12345678909', '河北省', '唐山市', '路北区', '2020-09-11 16:25:17', '123555', '1', '130203', 'qwe', '42');
INSERT INTO `address` VALUES ('186', 'wei888', '13126356461', '福建省', '厦门市', '同安区', '2020-09-10 14:49:44', '131313', '0', '350000-350200-350212', 'hdhdkk', '48');
INSERT INTO `address` VALUES ('196', '憨八嘎', '13412344325', '福建省', '厦门市', '同安区', '2020-09-10 14:07:34', '123243', '1', '350212', '海边别墅15号', '43');
INSERT INTO `address` VALUES ('205', '唐勇', '19976646666', '湖南省', '永州市', '祁阳县', '2020-09-08 23:05:39', '443322', '1', '431121', '泰安路', '26');
INSERT INTO `address` VALUES ('248', 'aad', '12555555555', '上海市', '上海市', '', '2020-09-09 23:44:45', '888888', '1', '310000-310100-310120', 'dd', '12');
INSERT INTO `address` VALUES ('249', 'zh', '13488889990', '辽宁省', '沈阳市', '和平区', '2020-09-09 14:48:41', '551151', '1', '210000-210100-210102', 'wuw', '4');
INSERT INTO `address` VALUES ('250', 'oi', '13799990000', '海南省', '省直辖县', '乐东黎族自治县', '2020-09-09 14:36:52', '123456', '0', '', '1号', '4');
INSERT INTO `address` VALUES ('253', 'ware', '13241243123', '吉林省', '长春市', '德惠市', '2020-09-09 14:48:46', '123412', '1', '220000-220100-220183', '12341243', '4');
INSERT INTO `address` VALUES ('254', '专用1111', '15017208340', '广东省', '汕头市', '潮南区', '2020-09-09 22:03:43', '515135', '1', '440514', '砺青中学 陇田镇', '27');
INSERT INTO `address` VALUES ('264', '123334422', '12312312312', 'undefined', 'undefined', '', '2020-09-09 23:44:44', '123123', '0', '110000-110100-110108', '12123', '64');
INSERT INTO `address` VALUES ('265', '刘佳颖', '12345678910', '北京市', '北京市', '朝阳区', '2020-09-09 21:23:58', '000000', '1', '110000-110100-110105', '111', '58');
INSERT INTO `address` VALUES ('269', 'SSS', '12345678980', '河南省', '商丘市', '永城市', '2020-09-09 22:00:47', '123456', '1', '410000-411400-411481', 'ddd', '44');
INSERT INTO `address` VALUES ('271', '12345622', '12345678912', 'undefined', 'undefined', '', '2020-09-10 16:22:36', '333333', '0', '110000-110100-110114', '33335', '64');
INSERT INTO `address` VALUES ('276', '啊明hh', '13452666664', '河北省', '石家庄市', '桥西区', '2020-09-10 11:13:51', '121214', '1', '130000-130100-130104', '某街道某小区', '48');
INSERT INTO `address` VALUES ('278', '金牌港C 大司马', '12345678910', '安徽省', '芜湖市', '芜湖县', '2020-09-09 22:56:45', '123456', '1', '340000-340200-340221', '肉蛋冲击，起飞', '69');
INSERT INTO `address` VALUES ('285', 'aaa', '12111111111', 'undefined', 'undefined', 'undefined', '2020-09-09 23:30:40', '212122', '0', '', 'dfdfdfhh', '12');
INSERT INTO `address` VALUES ('287', '小小', '19586712552', '山西省', '阳泉市', '矿区', '2020-09-10 15:57:56', '515665', '0', '140000-140300-140303', '金平856', '68');
INSERT INTO `address` VALUES ('289', '长青', '13556313455', '广东省', '汕头市', '潮南区', '2020-09-10 08:36:38', '515135', '1', '440514', '陇田', '38');
INSERT INTO `address` VALUES ('292', '泠鸢yousa', '13456788765', '四川省', '成都市', '高新区', '2020-09-10 14:07:34', '887766', '0', '510191', '泠音工作室15号', '43');
INSERT INTO `address` VALUES ('297', '三无Marblue', '13433333333', '福建省', '厦门市', '集美区', '2020-09-10 14:07:34', '333333', '0', '350211', '海边别墅33号', '43');
INSERT INTO `address` VALUES ('305', '4646', '12345678911', '河北省', '邢台市', '桥西区', '2020-09-10 10:01:30', '898989', '0', '130000-130500-130503', '898', '51');
INSERT INTO `address` VALUES ('310', '4646', '12345678911', '辽宁省', '鞍山市', '铁东区', '2020-09-10 10:01:31', '898989', '1', '210000-210300-210302', '898', '51');
INSERT INTO `address` VALUES ('339', 'huli', '13588883459', '内蒙古自治区', '呼和浩特市', '赛罕区', '2020-09-10 16:46:35', '112233', '1', '150105', '青青草原', '28');
INSERT INTO `address` VALUES ('341', '陈文强', '19842716071', '广东省', '深圳市', '龙华区', '2020-09-10 21:06:34', '000000', '1', '440000-440300-440309', '广东省旅游商务学校', '39');
INSERT INTO `address` VALUES ('347', 'laojian', '13212312312', '辽宁省', '营口市', '', '2020-09-10 19:46:41', '123321', '1', '210811', 'edsrterte', '24');
INSERT INTO `address` VALUES ('359', '小小洁', '13049015364', '广东省', '深圳市', '龙华区', '2020-09-10 11:24:57', '515165', '1', '440000-440300-440309', '安防学院', '68');
INSERT INTO `address` VALUES ('370', 'xsy', '13488886666', 'undefined', 'undefined', '', '2020-09-10 16:54:34', '440523', '1', '440000-440500-440514', '桥洞', '64');
INSERT INTO `address` VALUES ('379', '狗强', '19999999999', '湖南省', '永州市', '道县', '2020-09-10 16:13:16', '888888', '1', '431124', '道州5号', '26');
INSERT INTO `address` VALUES ('383', '刘佳颖', '17602096572', '福建省', '福州市', '鼓楼区', '2020-09-10 21:13:58', '000000', '1', '350000-350100-350102', '111', '33');
INSERT INTO `address` VALUES ('384', '奶强？赛博？', '12345678910', '北京市', '北京市', '东城区', '2020-09-10 21:42:42', '000000', '1', '110000-110100-110101', '222', '33');
INSERT INTO `address` VALUES ('386', '豆豆', '13589898989', '内蒙古自治区', '乌海市', '海南区', '2020-09-10 16:50:15', '554444', '0', '150303', '草原13号', '50');
INSERT INTO `address` VALUES ('387', '小猪的快递', '10293049581', '山西省', '阳泉市', '', '2020-09-10 19:26:47', '121212', '1', '140302', '小区1号', '57');
INSERT INTO `address` VALUES ('388', '陈文强', '19842716071', '湖南省', '永州市', '道县', '2020-09-10 21:11:42', '', '1', '430000-431100-431124', '道州北路御景豪庭2栋2单元', '39');
INSERT INTO `address` VALUES ('391', 'temp', '12345678901', '天津市', '天津市', '和平区', '2020-09-11 15:03:42', '123456', '1', '120000-120100-120101', 'wdadawda', '41');
INSERT INTO `address` VALUES ('394', '强狗不去赛博？', '12345678910', '天津市', '天津市', '和平区', '2020-09-10 20:53:44', '000000', '0', '120000-120100-120101', '222', '33');
INSERT INTO `address` VALUES ('396', '超级汪', '16668888999', '北京市', '北京市', '', '2020-09-10 21:01:15', '666666', '1', '110000-110100-110117', '66666666号', '1');
INSERT INTO `address` VALUES ('398', '刘佳颖', '12345678910', '北京市', '北京市', '东城区', '2020-09-10 20:24:27', '000000', '0', '110000-110100-110101', '222', '33');
INSERT INTO `address` VALUES ('400', '2', '12345678910', '北京市', '北京市', '丰台区', '2020-09-10 21:10:18', '', '0', '110000-110100-110106', '222', '39');
INSERT INTO `address` VALUES ('401', 'wei', '13126466532', '浙江省', '杭州市', '拱墅区', '2020-09-10 21:00:56', '313131', '1', '330000-330100-330105', '某小区', '84');

-- ----------------------------
-- Table structure for dt_article
-- ----------------------------
DROP TABLE IF EXISTS `dt_article`;
CREATE TABLE `dt_article` (
  `id` int(11) NOT NULL AUTO_INCREMENT,
  `channel_id` int(11) DEFAULT NULL,
  `category_id` int(11) DEFAULT NULL,
  `title` varchar(100) DEFAULT NULL,
  `img_url` varchar(255) DEFAULT '',
  `zhaiyao` varchar(255) DEFAULT NULL,
  `content` text,
  `click` int(11) DEFAULT NULL,
  `user_name` varchar(100) DEFAULT NULL,
  `add_time` timestamp NOT NULL DEFAULT CURRENT_TIMESTAMP ON UPDATE CURRENT_TIMESTAMP,
  `buy` int(11) DEFAULT NULL,
  PRIMARY KEY (`id`)
) ENGINE=InnoDB AUTO_INCREMENT=103 DEFAULT CHARSET=utf8 AVG_ROW_LENGTH=4778;

-- ----------------------------
-- Records of dt_article
-- ----------------------------
INSERT INTO `dt_article` VALUES ('13', '6', '13', '季度多家房企利润跌幅超50% 去库存促销战打响', 'fangyuan.jpg', '房企一季度销售业绩已经陆续公布，克而瑞研究中心统计数据显示，今年一季度，TOP20的房企仅6家实现业绩同比增长。多家企业销售下滑 记者了解到，虽然恒大、融创一季度交出了不错的答卷，但是，万科等排名靠前的房企均出现销售下滑。其中万科公布前三个月销售金额为460.6亿元，…', '<p>\r\n	房企一季度销售业绩已经陆续公布，克而瑞研究中心统计数据显示，今年一季度，TOP20的房企仅6家实现业绩同比增长。\r\n</p>\r\n<p>\r\n	<b>多家企业销售下滑</b> \r\n</p>\r\n<p>\r\n	记者了解到，虽然恒大、融创一季度交出了不错的答卷，但是，万科等排名靠前的房企均出现销售下滑。其中万科公布前三个月销售金额为460.6亿元，同比去年的542.3亿元减少15%，而碧桂园公布，截至2015年3月31日止三个月，集团共实现合同销售金额约177.3亿元，同比下跌44.32%。\r\n</p>\r\n<p>\r\n	<b>此外，一季度多家企业的利润跌幅超过50%。数据显示，万科预计2015年1月至3月归属于上市公司股东的净利润为6亿~7亿元，比上年同期下降54%至61%。</b> \r\n</p>\r\n<p>\r\n	<b>趋势</b> \r\n</p>\r\n<p>\r\n	<b>地价占比上升及去库存压力下&nbsp;房企利润回归</b> \r\n</p>\r\n<p>\r\n	中原地产首席分析师张大伟称，一季度房企销售及利润普遍下滑，主要是因为企业销售节奏的变化，“大部分企业在2013年完成情况非常好，预留了大量签约结转到2014年。但2014年整体企业完成情况较差，大部分企业反而透支了2015年年初的签约，导致2015年签约不尽如人意。”\r\n</p>\r\n<p>\r\n	同时，张大伟表示，大多数城市住房供大于求，价格过高，未来增值不确定，已经不再是最佳投资选择，因此房地产投资需求也出现显著回落。\r\n</p>\r\n<p>\r\n	而易居房地产研究院研究员严跃进则表示，一季度部分房企还是坚持降价促销的策略，对此出现利润下滑也是符合预期的。随着地价占房价比例越来越高，开发商利润空间不断被挤压。同时，很多房企目前的营销费用还是比较大的，也会损耗房企利润。\r\n</p>\r\n<p>\r\n	此外，严跃进说，从长期看，地价占比上升与去库存压力将成为长期趋势，房企已告别高利润时代，回归正常利润成为趋势。\r\n</p>\r\n<p>\r\n	不过，张大伟认为，3月下半月市场告别签约淡季。部分城市出现小阳春现象，预计整体市场的走势将会继续向好，后续改善型需求的入市量将会有所增加。\r\n</p>\r\n<p>\r\n	<b>分析：</b> \r\n</p>\r\n<p>\r\n	<b>房企打响去库存促销战</b> \r\n</p>\r\n<p>\r\n	“对于房地产市场来说，出现退房的原因有两种：1.收房的时候质量差。2.房价下调。无理由退房对于中国90%成交是期房的房地产市场现状来说，这的确是解决了购房者对房屋质量的担忧。”中原地产首席分析师张大伟对记者表示，后续预计也会有更多企业学习借鉴。\r\n</p>\r\n<p>\r\n	而亚太城市房地产研究院院长谢逸枫则表示，恒大2015年率先打出全国项目“无理由退房”计划第一枪，意味正式打响房企主动去库存的促销战。\r\n</p>\r\n<p>\r\n	“承诺无理由退房，意味着开发商承担更多的风险，在资金方面承受更大压力，后续肯定会有企业跟风。”知名地产评论人赵卓文表示。\r\n</p>\r\n<p>\r\n	因此，有业内人士认为，无理由退房可能加速市场优胜劣汰。夏海钧回应称，中国房地产市场高峰时有五六万家房地产开发企业，现在还有两三万家。市场竞争、行业洗牌再洗掉两万多家，剩几百几千家很正常，“到那时行业整体素质会更高”。\r\n</p>\r\n<p>\r\n	“在目前这个市场周期，恒大提出无理由退房，也的确更多是为了去库存营销的努力，从营销上看，对增加成交量肯定有帮助。”张大伟表示。\r\n</p>\r\n<p>\r\n	“常规的降价促销已经无法触及购房者的神经，房企必须使出浑身解数吸引购房者。另一方面是购房者对价格敏感性在减弱，对降价没有之前那么敏感，购房者普遍存在买涨不买跌，无理由退房主要是打消购房者对房价不断下降的顾虑。目的在于制造市场 上涨 预期，引导购房者对后市乐观的态度。”谢逸枫认为。\r\n</p>\r\n<p>\r\n	也有部分业内人士对“无理由退房”的操作性心存疑虑。\r\n</p>\r\n<p>\r\n	<b>相关新闻</b> \r\n</p>\r\n<p>\r\n	<b>恒大宣布全国范围内无理由退房</b> \r\n</p>\r\n<p>\r\n	恒大地产集团昨日宣布，自今日起，将在全国所有楼盘住宅实施无理由退房，该措施覆盖全国147个城市的305个楼盘。恒大副总裁夏海钧表示，希望住宅“包退”成为市场新常态。\r\n</p>\r\n<p>\r\n	<b>今日起买恒大房“包退货”</b> \r\n</p>\r\n<p>\r\n	昨日下午，恒大宣布，全国所有楼盘住宅从4月16日8时起正式实施无理由退房，覆盖恒大所有在售住宅，遍布全国147个城市的305个楼盘。\r\n</p>\r\n<p>\r\n	恒大集团承诺：凡购买恒大所有楼盘住宅的客户，若已履行《楼宇认购书》、《商品房买卖合同》的各项义务，并且无任何违约行为，则自签署《商品房买卖合同》及《无理由退房协议书》之日起至办理入住手续前的任何时间内，均可无理由退房。\r\n</p>\r\n<p>\r\n	最新数据显示，2015年1~3月，恒大累计合约销售金额约305.4亿元，其中3月实现合约销售额137.1亿元，&nbsp;恒大地产2014年全年销售额达1315亿元，2015年销售目标定为1500亿元，较2014年目标增36.4%\r\n</p>', '1', 'admin', '2020-08-29 11:58:47', null);
INSERT INTO `dt_article` VALUES ('14', '6', '13', '买房还是炒股，2015年买房无法拒绝的5大理由', 'chaogu.png', '转眼间2015年已经过去了4个月，在这短短的四个月，股市攀升到了4000点， 这让很多原本对股市不抱期望的人再度春心萌动。同样，在这个四个月的时间里，楼市经历了死而复活聚变，一浪高过一浪的救市政策把楼市推到风口浪尖至少，房价涨声再起', '<p>\r\n	时间稍纵即逝，转眼间2015年已经过去了4个月，在这短短的四个月，股市攀升到了4000点， 这让很多原本对股市不抱期望的人再度春心萌动。同样，在这个四个月的时间里，楼市经历了死而复活聚变，一浪高过一浪的救市政策把楼市推到风口浪尖至少，房价涨声再起。\r\n</p>\r\n<p>\r\n	<br />\r\n于是关于买房还是炒股的话题再次老生常谈。炒股好还是买房好，当一路高歌猛进的股市遇到大手笔的楼市新政，人们如何在炒股与买房之间做出选择，似乎更加困难。\r\n</p>\r\n<p>\r\n	<br />\r\n为此，湘潭365房产网购房专家表示，炒股更多是投机，而非投资，也就是趁着股市大涨行情， 捞一把；而买房，更多是一种需求或者长期投资。因此，如果你没有足够的资金，那么弃股买房是最佳选择，但是如果你不缺钱，但同时又有买房需求，那么先炒股，后买房，但宗旨是见好就收。\r\n</p>\r\n<p>\r\n	<br />\r\n需要声明的是，即便是楼市整体复苏，好的房子仍然需要购房者精挑细选，即使在亢奋的牛市行情中，满仓踏空者也不在少数，因此，无论是买房还是炒股，都应该把握规律，不能因为盲目跟风，失去了理性的判断力。\r\n</p>\r\n<p>\r\n	<br />\r\n说了这么多，湘潭365房产网购房专家还是认为，买房比炒股更有利，尤其是在当前政策如此宽松，房贷如此优惠的前期下，更是绝佳的买房时机，以下编辑整理出的2015年买房无法拒绝的5大理由，供您参考。\r\n</p>\r\n<p>\r\n	<br />\r\n<strong>1，楼市政策宽松 </strong> \r\n</p>\r\n<p>\r\n	<br />\r\n首套房“认贷不认房”，二套房首付降低4成，央行两次降息，9折房贷利率、二手房交易营业税5调2，首套房住房公积金贷款首付最低2成、二套房3成....等等楼市政策是自2008年之后最宽松时期。\r\n</p>\r\n<p>\r\n	<br />\r\n对于购房者来说，不仅降低了买房门槛，更节约的买房成本，此时买房无疑是一举两得。\r\n</p>\r\n<p>\r\n	<br />\r\n<strong>2，房子是固定资产</strong> \r\n</p>\r\n<p>\r\n	<br />\r\n买房相对于炒股，更具抗风险。尽管短期内炒股可能小赚一笔，但是股市风云难测，跌的时候是不见谷底；但是，买房则不同，不管房价如何变动，房子始终是你的，你想住就住，想出租就出租，你拥有足够的话语权，不至于像买股票那样提心吊胆\r\n</p>\r\n<p>\r\n	<br />\r\n<strong>3，买房会强迫储蓄 </strong> \r\n</p>\r\n<p>\r\n	<br />\r\n买房最大的好处就是让不懂理财或者月光族变成理财高手。如果你能以每个月2000的价格租一套公寓，而不是月供2400元买一套，租房或许有点意义。但你会省下这400元以备未来之需吗？很多人都不会。我敢说大多数人都不会。在这里你又必须自己盘算了，不过你的贷款月供中偿还本金的部分不能算是成本。其实你的钱是给自己的，因为你积累了资产。作为一种强制性的每月储蓄，这是种很好的自律。\r\n</p>\r\n<p>\r\n	<br />\r\n<strong>4，选择余地很大 </strong> \r\n</p>\r\n<p>\r\n	<br />\r\n近五年房地产市场的快速发展，导致楼市严重供过于求，尤其是经历了2014年楼市的“调整”之后，当前全国大多数地方都有充足的房源。\r\n</p>\r\n<p>\r\n	<br />\r\n&nbsp;以湘潭为例，尽管年销售只有200万平米左右，但是当前库存已经超过450万平米，这相当于2年半的销售量。而且随着此次二手房交易政策放宽，还有更多的存量房不断进入市场。这种情况意味着选择多多，而且价格实惠。\r\n</p>\r\n<p>\r\n	<br />\r\n<strong>5，房价反弹只是时间问题 </strong> \r\n</p>\r\n<p>\r\n	<br />\r\n房价还会下跌吗？当然会，你永远都抄不到底，但这长期来看并不重要。以目前的楼市政策以及市场环境，房价反弹只是时间问题，更何况每天都有如此之多的市民加入买房一族，楼市回暖迫在眉睫。\r\n</p>\r\n<p>\r\n	<br />\r\n结语：对于购房者来场，抄底是个梦，但是不买房永远抄不到底。在众多利好的政策和价格优势下，2015年买房应该是不错的选择。\r\n</p>', '2', 'admin', '2019-11-18 00:23:17', null);
INSERT INTO `dt_article` VALUES ('15', '6', '12', '抢先实拍猎豹CS10 霸气时尚2.0T涡轮增压', 'liebao.png', '在SUV当道的天下，许多自主品牌相继推出了旗下多款SUV，想要在这个大市场划分一块田地。此次，作为多年生产硬派越野车的汽车企业猎豹汽车也紧随其后，即将推出量产SUV-猎豹CS10，这一越野车型会不会在市场上掀起波澜？又是否能真正帮助猎豹品牌在市场重塑地位？这一切我们不得…', '<p>\r\n 在SUV当道的天下，许多自主品牌相继推出了旗下多款SUV，想要在这个大市场划分一块田地。此次，作为多年生产硬派越野车的汽车企业猎豹汽车也紧随其后，即将推出量产SUV-猎豹CS10，这一越野车型会不会在市场上掀起波澜？又是否能真正帮助猎豹品牌在市场重塑地位？这一切我们不得而知，只能静静等待上海车展之后它的表现。无论怎样，先来看看这次小编抢先实拍到的量产猎豹CS10吧。\r\n</p>\r\n<p align=\"\"center\"\">\r\n <img class=\"\"imgborder\"\" alt=\"\"\"\" src=\"http://img1.cache.netease.com/catchpic/7/77/773712205CAA32D27079777B6143CAE1.jpg\" border=\"\"1\"\" /> \r\n</p>\r\n<p>\r\n <strong>&nbsp;&gt;&gt;&gt;外观实拍：</strong> \r\n</p>\r\n<p>\r\n 外观方面，猎豹CS10采用了最新的家族式前脸设计，中网进气格栅采用蜂窝状设计，前大灯组内还配备了LED日间行车灯。此外，前保险杠下方的进气口大嘴式的造型凸显凶猛。\r\n</p>\r\n<p align=\"\"center\"\">\r\n <img class=\"\"imgborder\"\" alt=\"\"\"\" src=\"http://img1.cache.netease.com/catchpic/F/F0/F018D4A48A0C59A6324A74CFB51C4A7C.jpg\" border=\"\"1\"\" /> \r\n</p>\r\n<p align=\"\"center\"\">\r\n <img class=\"\"imgborder\"\" alt=\"\"\"\" src=\"http://img1.cache.netease.com/catchpic/4/40/406C5B36A9337379749E17C81F378157.jpg\" border=\"\"1\"\" /> \r\n</p>\r\n<p align=\"\"center\"\">\r\n <img class=\"\"imgborder\"\" alt=\"\"\"\" src=\"http://img1.cache.netease.com/catchpic/C/C6/C6BA4E72FF84AB19DCFE705FA7E8F3C3.jpg\" border=\"\"1\"\" /> \r\n</p>\r\n<p align=\"\"center\"\">\r\n <img class=\"\"imgborder\"\" alt=\"\"\"\" src=\"http://img1.cache.netease.com/catchpic/2/2D/2D4C428F1B9F14A960DB2AAC58D138E5.jpg\" border=\"\"1\"\" /> \r\n</p>\r\n\r\n<p align=\"\"center\"\">\r\n <img class=\"\"imgborder\"\" alt=\"\"\"\" src=\"http://img1.cache.netease.com/catchpic/2/23/23B5B03A1880915089306EA18945F90A.jpg\" border=\"\"1\"\" /> \r\n</p>\r\n<p align=\"\"center\"\">\r\n <img class=\"\"imgborder\"\" alt=\"\"\"\" src=\"http://img1.cache.netease.com/catchpic/5/58/58783927549495BCA4EF06A727F863C2.jpg\" border=\"\"1\"\" /> \r\n</p>\r\n<p>\r\n <strong>&gt;&gt;&gt;外观小结：</strong> \r\n</p>\r\n<p>\r\n 此次猎豹一改此之前车型硬朗的设计风格，开始主打家用与时尚牌，第一眼见到猎豹CS10时，你或许会觉得这是一款合资品牌SUV车型，整体的外观设计非常成功。从猎豹汽车对于该车外观下的功夫，我们可以给点个赞。\r\n</p>', '1', 'admin', '2019-11-18 11:18:44', null);
INSERT INTO `dt_article` VALUES ('16', '6', '12', '长城汽车不走高端很快就会死 哈弗H8卷土重来', 'hafuh8.png', '&amp;emsp;&amp;emsp;一辆豪华日系SUV是他的座驾，魏建军几乎是尾随参与试驾的媒体记者们而来。这位平素一贯喜欢一门心思扎在车间不爱应酬的长城汽车掌门人这天为何表现出少有的兴奋与热情？&amp;emsp;&amp;emsp;或许他是迫切地想知道，这些在道路试驾中前半段路程中试乘了保时…', '<p>\r\n	&emsp;&emsp;一辆豪华日系SUV是他的座驾，魏建军几乎是尾随参与试驾的媒体记者们而来。这位平素一贯喜欢一门心思扎在车间不爱应酬的长城汽车掌门人这天为何表现出少有的兴奋与热情？\r\n</p>\r\n<p>\r\n	&emsp;&emsp;或许他是迫切地想知道，这些在道路试驾中前半段路程中试乘了保时捷卡宴、奔驰ML350、奥迪Q5、进口路虎揽胜极光、路虎第四代发现等豪华品牌SUV的记者们在后半段试乘哈弗H8后会有什么感想。而媒体记者们更想知道的是，对于一款两次推迟上市的自主品牌汽车，对于这种国内外汽车界绝无仅有的小概率事件，对于魏建军和他的长城汽车意味着什么？\r\n</p>\r\n<p>\r\n	<br />\r\n</p>\r\n<p>\r\n	&emsp;&emsp;4月2日，三度“重生”的哈弗H8对比验证体验会就这样在河北徐水拉开帷幕。\r\n</p>\r\n<p>\r\n	<br />\r\n</p>\r\n<p>\r\n	&emsp;&emsp;几乎从没有哪一款新车的命运能像哈弗H8的经历这样跌宕起伏。作为首款价格上探20元价格区间的自主品牌SUV，哈弗H8的市场使命是能将七八十万元左右的豪华品牌拉下马来。\r\n</p>\r\n<p>\r\n	<br />\r\n</p>\r\n<p>\r\n	&emsp;&emsp;2013年11月，哈弗H8在当年的广州车展上以20.18万元的起售价宣布上市，立刻引爆了市场关注的目光。然而两个月后，即2014年1月，长城方面突然发布公告称：“由于哈弗H8仍存在诸多问题，决定继续对H8进行完善整改，自公告刊登之日起推迟3个月上市，并暂停接受预订。”宣布新车回炉的公告一石激起千层浪，哈弗H8瞬间被推到了舆论的风口浪尖，各种质疑猜测甚嚣尘上，但长城汽车方面却不做任何进一步的解释，过起了“闭门造车”的日子。\r\n</p>\r\n<p>\r\n	<br />\r\n</p>\r\n<p>\r\n	&emsp;&emsp;2014年4月，哈弗H8北京车展上宣布再次上市。然而一个月后的5月8日，长城汽车再次发布了名为《关于哈弗H8延迟交付的说明》，说明中称：客户反映车辆在高速工况下，传动系统存在敲击音，影响了整车品质，达不到商品车交付的条件，公司决定将H8进行第二次整改。第二次的回炉再造，给长城汽车和哈弗H8带来了更加迅猛的质疑之声。\r\n</p>\r\n<p>\r\n	<br />\r\n</p>\r\n<p>\r\n	&emsp;&emsp;两度上市后的两度回炉，对长城汽车已造成重创。有消息透露，长城汽车高端工厂——徐水工厂未能如期生产哈弗H8，直接导致了长城汽车整体费用率的上升。据报道，徐水工厂与哈弗H8配套设备、人员研发过程中产生的费用已计入管理费用中，因而徐水工厂全年费用总计超过了6亿元。\r\n</p>\r\n<p>\r\n	<br />\r\n</p>\r\n<p>\r\n	&emsp;&emsp;长城汽车2014年财报显示，长城汽车全年营业收入625.99亿元，同比增长10％；同期净利润80.51亿元，同比下滑2.2％。而相比2012年和2013年财年，长城汽车的营业收入同比增长率分别为43.44％、31.57％，净利润同比增长率更分别高达66.14％和44.47％。\r\n</p>\r\n<p>\r\n	<br />\r\n</p>\r\n<p>\r\n	&emsp;&emsp;哈弗H8的经历让长城汽车见识到资本市场的冷酷无情。2013年1月14日，长城汽车宣布H8延迟上市的第二天，长城汽车A股开盘一度逼近跌停，H股跌幅亦高达12.23％；2014年5月8日，尽管长城汽车第二次宣布延期上市前紧急停牌，但在次日A股复牌后仍开盘跌停，创下长城汽车A股近16个月盘中最低价。同日，长城汽车H股跌幅高达16.92％，当日市值缩水168亿港币。\r\n</p>\r\n<p>\r\n	<br />\r\n</p>\r\n<p>\r\n	&emsp;&emsp;回过头来观望资本市场当初的惊涛骇浪，魏建军如今表现得相当平静，他说，“我们做产品的，不能只看资本市场的脸色行事”。\r\n</p>\r\n<p>\r\n	<br />\r\n</p>\r\n<p>\r\n	&emsp;&emsp;“哈弗H8现已达到上市条件，将会在上海车展期间上市，随后新车将于5月份全面到店。”魏建军说，整改后的哈弗H8与此前版本相比已有本质上的改善。“整整7个多月的密切交流，最终发现主要还是精度问题。”据介绍，在哈弗H8叫停上市后，长城汽车组织国内外专家，在配套供应商采埃孚公司的配合下，找出了问题的根源——后主减速器合格率得不到保证。\r\n</p>\r\n<p>\r\n	<br />\r\n</p>\r\n<p>\r\n	&emsp;&emsp;“有些技术问题在你不知道怎么解决的时候会觉得非常难，但实际上就是一层‘窗户纸’。”魏建军坦言，通过反复分析和验证，在后桥主减速器及相关传动系统进行重新匹配和优化后，长城H8整车状态总算是达到了最佳。\r\n</p>\r\n<p>\r\n	<br />\r\n</p>\r\n<p>\r\n	&emsp;&emsp;“长城汽车不走高端很快就会死。”魏建军说，自主向上必须突破，这是不容回避的问题。\r\n</p>', '0', 'admin', '2018-11-23 13:23:28', null);
INSERT INTO `dt_article` VALUES ('17', '6', '12', '哈弗H6 比亚迪S7 长安CS75怎么样 看看车主说法', 'hafuh6.png', '&amp;emsp;&amp;emsp;国产SUV车型当中，最当红的3款非哈弗H6、比亚迪S7与长安CS75了。那么分属不同企业的3款车型，用着到底怎么样，看看车主怎么说。&amp;emsp;&amp;emsp;月销3万已经不再是哈弗H6的新闻，随着哈弗H6 Coupe的上市，这款车的目标应该是月销5万了。在H6的口碑调查…', '<p>\r\n	&emsp;&emsp;国产SUV车型当中，最当红的3款非哈弗H6、比亚迪S7与长安CS75了。那么分属不同企业的3款车型，用着到底怎么样，看看车主怎么说。\r\n</p>\r\n<p>\r\n	<br />\r\n</p>\r\n<p>\r\n	&emsp;&emsp;月销3万已经不再是哈弗H6的新闻，随着哈弗H6 Coupe的上市，这款车的目标应该是月销5万了。在H6的口碑调查当中有5200多人参与，评价得分为4.403分。空间、外观和性价比，成为哈弗H6最为突出的三项优势。其中，空间和外观项，甚至评到了4.873和4.727的高分。那么这款车也并非十全十美，其动力得分虽然也不低，但却不像外观那样出彩，这一项得分为3.961分。\r\n</p>\r\n<div class=\"adv_style_notext\" id=\"adv_985\">\r\n</div>\r\n<p>\r\n	<br />\r\n</p>\r\n<p>\r\n	&emsp;&emsp;比亚迪S7是一款上市时间不长的车型，仅有500多人参与该款车的口碑调查，但得分却不低，为4.758分。在该车型上，性价比、空间、动力位列前三，性价比得分甚至高达4.98，这也无非是其高配低价的集中体现。而得分最低的油耗项目也被评到了4.51，可见这车的短板并不十分明显。\r\n</p>\r\n<p>\r\n	<br />\r\n</p>\r\n<p>\r\n	&emsp;&emsp;长安CS75现在已经是销量前十的SUV车型，此次有1000多名车主评价该车，口碑得分4.639，长安CS75的内饰，成为车主们最为介怀的一点，仅为4.296分。 除了性价比和空间占优之外，该车型操控性优势也不俗，获评4.776分。而CS75着力强调的安全性，在口碑榜上并未体现。\r\n</p>', '10', 'admin', '2018-11-23 13:23:36', null);
INSERT INTO `dt_article` VALUES ('18', '6', '10', '工信部回应李克强呼吁：让网速更快 价格更优惠', '', '近年来，关于手机流量资费贵和网速慢是社会关注和领导关切的热点问题，我部一直与相关部委共同深入落实宽带中国战略，推动企业加大网络投资、降低手机流量资费。为落实李克强总理指示，我部将加大今年宽带专项行动中加快4G建设、大幅提升网速等工作的力度，使老百姓上网速度更…', '<p style=\"text-indent:2em;\">\r\n	近年来，关于手机流量资费贵和网速慢是社会关注和领导关切的热点问题，我部一直与相关部委共同深入落实宽带中国战略，推动企业加大网络投资、降低手机流量资费。为落实李克强总理指示，我部将加大今年宽带专项行动中加快4G建设、大幅提升网速等工作的力度，使老百姓上网速度更快，价格更优惠。\r\n</p>\r\n<p style=\"text-indent:2em;\">\r\n	2007年，中国内地每个网民平均每月实际花费的上网费用为83.5元。统计显示，2006年中国城镇居民人均可支配收入为11759元，人均月收入979.92元；农村居民人均纯收入3587元，人均月收入298.92元。\r\n</p>\r\n<p style=\"text-indent:2em;\">\r\n	记者当年采访了田纳西州的一位华人朋友曼迪。她说，她家的宽带上网费本来是每月40多美元，但由于提供有线电视和上网服务的是同一家公司，她得到了每月25美元的优惠价，折合人民币约193元。曼迪说，美国电信公司竞争非常激烈，可以跟公司讨价还价。她说，她的家庭年收入约在10万美元。\r\n</p>\r\n<p style=\"text-indent:2em;\">\r\n	一位就职于一家旅行社的德国朋友说，给他提供无线宽带上网服务的是德国目前最便宜的电信公司，合同期两年，包月费用为31欧元，相当于322元人民币。他的月纯收入为1309欧元，算下来，“上网费占到纯收入的2.4%，不算贵。”\r\n</p>\r\n<p style=\"text-indent:2em;\">\r\n	根据日本总务省每年的调查结果，日本自2002年起成为世界上网费用最低廉的国家。总务省2006年的调查数据显示，占日本市场份额最大的一家网络服务公司，上网费加初装费，月均为3370日元，折合人民币210元左右。东京一家普通公司的普通职员说，这个费用大概占自己月收入的1%。\r\n</p>\r\n<p style=\"text-indent:2em;\">\r\n	印度媒体最近公布的一份调查报告称，印度每月平均上网费为600卢比，约合人民币120元，占到印度人均月收入的20%。\r\n</p>\r\n<p style=\"text-indent:2em;\">\r\n	澳大利亚人选择的上网包月费在60澳元的居多，约合人民币390元。澳大利亚人月收入在4000澳元以上的人居多，上网费占到收入的1.5%左右。\r\n</p>', '0', 'admin', '2015-04-16 12:40:11', null);
INSERT INTO `dt_article` VALUES ('19', '6', '11', '三星S6造价更高 卖得却比iPhone 6便宜', 'sanxings6.png', '根据调研公司IHS的拆机分析，三星最新推出的旗舰智能手机Galaxy S6 Edge是目前制造和组装成本最高的主流手机。IHS拆解了提供给美国无线运营商Verizon Wireless出售的64GB版本的Galaxy S6 Edge手机，估计其零件和组装成本为290美元。这个成本比去年发布的Galaxy S5手机高34美元…', '<p style=\"text-indent:2em;\">\r\n	根据调研公司IHS的拆机分析，三星最新推出的旗舰智能手机Galaxy S6 \r\nEdge是目前制造和组装成本最高的主流手机。\r\n</p>\r\n<p style=\"text-indent:2em;\">\r\n	IHS拆解了提供给美国无线运营商Verizon Wireless出售的64GB版本的Galaxy S6 \r\nEdge手机，估计其零件和组装成本为290美元。\r\n</p>\r\n<p style=\"text-indent:2em;\">\r\n	这个成本比去年发布的Galaxy S5手机高34美元，甚至高过苹果iPhone6和iPhone \r\n6 Plus手机。IHS估计最高版本的iPhone6和iPhone 6 Plus手机的材料成本分别为247美元和263美元。64GB版本的Galaxy S6 \r\nEdge非合约机售价为699美元，而相同容量的iPhone 6 Plus非合约机官方售价为849美元。\r\n</p>\r\n<p style=\"text-indent:2em;\">\r\n	负责此次拆机的分析师Andrew Rassweiler说零件成本最近几年一直在稳步攀升。\r\n</p>\r\n<p style=\"text-indent:2em;\">\r\n	“三星使用了金属外壳和其他跟苹果相似的设计元素，很明显三星已经研究过苹果的手机。结果是，这款手机的售价比iPhone手机低，但造价却更高。”\r\n</p>\r\n<p style=\"text-indent:2em;\">\r\n	S6 Edge成本最高的部件是其曲面屏幕。Rassweiler说这块屏幕的造价为85美元。\r\n</p>\r\n<p style=\"text-indent:2em;\">\r\n	接下来是三星自家制造的Exynos7芯片，成本估计为29.5美元。S6 \r\nEdge是第一个使用14纳米芯片制造技术的手机。另一家能够制造14纳米芯片的厂商是英特尔。苹果预计会在下一代iPhone手机中使用14纳米芯片。\r\n</p>\r\n<p style=\"text-indent:2em;\">\r\n	这款全新的高端芯片需要搭配昂贵的高端内存。这款手机使用了三星制造的3GB的DDR4内存，其成本为27美元。Rassweiler说这是DDR4内存第一次被用在了手机上。\r\n</p>\r\n<p style=\"text-indent:2em;\">\r\n	Rassweiler说Verizon销售的Galaxy S6 \r\nEdge使用了高通制造的基带芯片，成本为15美元。另外，AT&amp;T销售的该款手机使用的是三星制造的基带芯片。\r\n</p>', '0', 'admin', '2018-11-23 13:11:50', null);
INSERT INTO `dt_article` VALUES ('20', '6', '11', '乐视手机遭疯狂吐槽 忽不忽悠看了再说', '	\r\nleshishouji.png', '昨天，乐视发布了3款手机，乐1、乐1Pro和乐Max，定价分别为1499、2499，乐Max采用全民定价尚未披露价格。一时间，乐视网[0.17% 资金 研报]和贾跃亭再次被推上风口。这年头，传统的制造企业转型造手机屡见不鲜,不可否认，这是一个门槛很低的行业，乐视发布其手机虽是意料之中，…', '<p>\r\n	昨天，乐视发布了3款手机，乐1、乐1Pro和乐Max，定价分别为1499、2499，乐Max采用全民定价尚未披露价格。一时间，<span>乐视网</span><span id=\"sz300104_hq\">[<span class=\"Ared\">0.17%</span> 资金 研报]</span>和贾跃亭再次被推上风口。\r\n</p>\r\n<p>\r\n	这年头，传统的制造企业转型造手机屡见不鲜,不可否认，这是一个门槛很低的<span>行业</span>，乐视发布其手机虽是意料之中，但质疑声也颇多。百度一下乐视手机，搜索结果高达1280万个，超级手机高达1600万个，褒贬不一，由于乐视网是目前创业板第一大市值公司，是成长股的一大标杆，乐视发布会进行同时，用户和股民骂战吐槽很HIGH。\r\n</p>\r\n<p>\r\n	<strong>吐槽一：干掉苹果疯不疯狂?</strong>\r\n</p>\r\n<p>\r\n	这不是第一次有国内企业宣称要干掉苹果，贾跃亭的公开信公开炮轰苹果封闭扼制创新，阻碍产业发展，长期会伤害用户利益。并宣称，只有时代的模式，没有永恒的模式，封闭的苹果已不符合时代的发展趋势，必然会衰弱。\r\n</p>\r\n<p>\r\n	干掉苹果为什么会引起这么大的纠纷，虽然乔帮主已逝，但精神永存。至少在果粉的心中，苹果还是时尚的象征，虽然目前仅有土豪金等少数产品能够彰显果粉的高贵身份，但没落贵族哪能轮得上土鳖地主来说道，所以干掉苹果的言论一出，首先触及了一个尊严问题，会引起一帮人的抵触。\r\n</p>\r\n<p>\r\n	<strong>吐槽二：贾跃亭忽不忽悠?</strong>\r\n</p>\r\n<p>\r\n	有很多人质疑贾跃亭很会讲故事，超级电视、超级<span>汽车</span>，现在又来了超级手机，就跟当初很多人质疑雷布斯和小米一样。不过，我想说的是，这年头，哗众不一定取宠，却能增加曝光率。总理都说了，要把互联网+摆上战略高度，新常态下要有互联网思维。这年头，谈理想不犯法，不用罚款吧，吹牛逼不用交税吧。\r\n</p>\r\n<p>\r\n	站在股民的角度考虑，贾跃亭很够意思，上市公司的最大义务是为股东们创造价值，一是分红，来自于为公司创造的利润；一个来自于股价的上涨。乐视免费的广告费估算成5000万不算贵吧，按照创业板100倍的市盈率计算，这省去的费用就相当于贡献了50亿的市值。在发布会现场，明星和女神众多，这些都是乐视影业的直接资源，不能算是乐视网的直接资源，属于未来可能注入上市公司的资产，贾老板相当于免费贡献出来了，用专业名词讲，这是协同效应，有利于控制成本。\r\n</p>\r\n<p>\r\n	<strong>吐槽三：第一大创业板公司值不值这个价?</strong>\r\n</p>\r\n<p>\r\n	乐视顶着创业板第一大市值公司的光环，值不值700亿一直看法分歧。创业板看似疯，其实到目前千亿元级别公司还没有出现，这还只是<span>人民币</span>，不是<span>美元</span>。从全球范围的手机和视频类上市公司估值看，苹果为7348亿美元，我们不和苹果比，不和三星比，看看没落的HTC和诺基亚，乐视网的估值也就是人家的1/3。\r\n</p>\r\n<p>\r\n	用股民的眼光和发烧友的眼光去评价乐视手机，是两码事。用股民的眼光和果粉的眼光去评价IPHONE，也是两码事。这种事情如果靠炒嘴皮子解决，律师都成了世界首富。\r\n</p>\r\n<p>\r\n	<strong>吐槽四：乐视手机卖不卖得动?</strong>\r\n</p>\r\n<p>\r\n	乐视手机好不好，会不会热卖。你我说了不算，机构说了不算，最终还是市场说了算，乐视手机的核心优势是移动端的视频娱乐，也就是核心生态。小米也宣传自己卖的不是手机，而是生态，既然是生态，就得有内容，有配套，有实质的产品要客户去消费。小米宣称不通过硬件赚钱，但其实小米的主要来源仍然是硬件，由于内容的匮乏，依靠用户和数据变现难在短期实现，这也使得目前小米大量投入在内容的补充。而乐视在这方面不缺，版权和视频就是整个乐视生态的核心。\r\n</p>', '0', 'admin', '2018-11-23 13:11:59', null);
INSERT INTO `dt_article` VALUES ('21', '6', '10', '假宽带频现 什么是真正的光纤宽带？', '	\r\nguangqian.png', '&amp;emsp;&amp;emsp;OFweek光通讯网讯 宽带已经是大家日常生活必不可少的必须品，也是国民经济的基础建设。不过大家会不会经常有这样的感觉，各大商家打出来的广告十分诱人，超低的价格，超高的带宽。可是越来越多的人发现，在办理了所谓的超高带宽的光纤宽带之后，网速却没有…', '<p>\r\n	&emsp;&emsp;OFweek<span class=\"hrefStyle\">光通讯</span>网讯 宽带已经是大家日常生活必不可少的必须品，也是国民经济的基础建设。不过大家会不会经常有这样的感觉，各大商家打出来的广告十分诱人，超低的价格，超高的带宽。可是越来越多的人发现，在办理了所谓的超高带宽的<span class=\"hrefStyle\">光纤</span>宽带之后，网速却没有真正的快起来？有时这宽带让自己还挺闹心？其实这不是别的，市场上那些号称20兆、30兆、50兆的宽带并不是真正的宽带，那是蒙老百姓的。那些号称是独享带宽其实大部分都不是独享的，那么怎么能辨别这些情况，真正用上光纤宽带呢？带大家了解点常识。\r\n</p>\r\n<p>\r\n	&emsp;&emsp;<strong>1、 看<span class=\"hrefStyle\">网络</span>的接入是光猫还是网线</strong>\r\n</p>\r\n<p>\r\n	&emsp;&emsp;真正的<span class=\"hrefStyle\">光纤到户</span>才能提供百兆以上的带宽，这就需要通过光纤直接连接到家中，在用户的家里也必须有一个光猫，这样才能直接接入互联网。而社区LAN组网的方式，它是把网络连到一个小区，或是一个楼，组成局域网后通过网线将共享网络连接到各个家庭。如果连接进你家里的不是光猫而是网线，说明整个社区的用户共享着本该一名用户独享的带宽。为什么一定要一个光猫连结到家里呢？因为这个光猫就是将光以太信号转换成其他协议信号的收发设备。到你家里直接到光信号转成电信号，你才能保证带宽，否则就不是。\r\n</p>\r\n<p>\r\n	&emsp;&emsp;<strong>2、 看传输的材料是铜线还是光纤</strong>\r\n</p>\r\n<p>\r\n	&emsp;&emsp;进入我们家中的网线也是有不同，一种是光纤，一种是铜线。铜线由多根互相绝缘的导线或导体构成缆心，外部具有密封护套。铜缆是承载不了高带宽的。铜线其实我们大家都了解，里面是实心的，是一根铜丝，做得再好，也能不支持高带宽，而支持高带宽的就只有光纤了。光纤是一种由<span class=\"hrefStyle\">玻璃</span>或者塑料制成的纤维。目前通过光纤接入家庭的最大带宽可达100兆，下行速率约为11520-12800KB/S。光纤和铜线最大的不同，光纤里面其实是空心，可以传导光信号。业内有一句玩笑：“光纤无铜，偷了无用”。因为光纤里没有铜小偷偷了也卖不了钱，所以它对小偷无用，但是对我们来说用处可就大了，光纤的传输速度是铜缆没法比较的。\r\n</p>\r\n<p>\r\n	&emsp;&emsp;<strong>3、常使用软件测速，看是否稳定</strong>\r\n</p>\r\n<p>\r\n	&emsp;&emsp;最基本的方式，我们可以通过使用常用业务和软件来进行直观的判断，或者使用专业的测试工具进行测速。\r\n</p>\r\n<p>\r\n	&emsp;&emsp;另外，带宽的稳定性也是鉴别真假光纤的方法之一。大部分的投诉用户家庭宽带常出现两类问题，第一类是平时网速快而节假日网速慢（白天网速快而晚上网速慢），第二类是对网络质量要求较高的游戏/在线视频等会出现卡、顿、断的现象，这种情况很有可能是使用了“假宽带”造成的。\r\n</p>\r\n<p>\r\n	&emsp;&emsp;所以，家里是不是真正光纤宽带，能不能保证速度，不要被宣传所动，要看看到底是什么接入方式，怎么接入的，防止掉入消费陷阱。\r\n</p>', '0', 'admin', '2018-11-23 13:12:12', null);
INSERT INTO `dt_article` VALUES ('22', '6', '8', '58同城与赶集网最快今日将宣布合并', '	\r\n58tongcheng.png', '北京时间4月16日消息，腾讯科技通过可靠渠道获知，58同城与赶集网将正式合并，消息最快将于今天公布。此前，据外媒援引消息人士称，58同城和赶集网合并后的新公司估值最高将达到100亿美元。58同城和赶集网都成立于2005年，分类信息平台的模式使得双方在创立后的多年里基本处于…', '<p style=\"text-indent:2em;\">\r\n	北京时间4月16日消息，腾讯科技通过可靠渠道获知，58同城与赶集网将正式合并，消息最快将于今天公布。\r\n</p>\r\n<p style=\"text-indent:2em;\">\r\n	此前，据外媒援引消息人士称，58同城和赶集网合并后的新公司估值最高将达到100亿美元。\r\n</p>\r\n<p style=\"text-indent:2em;\">\r\n	58同城和赶集网都成立于2005年，分类信息平台的模式使得双方在创立后的多年里基本处于同质化的竞争。双方合并后，将有利于这两家排名第一和第二位的公司在分类信息业务下实现协同效应。\r\n</p>\r\n<p style=\"text-indent:2em;\">\r\n	从去年下半年开始，赶集网冲击赴美上市的消息不断。去年8月，杨浩涌微博还曾公开对外宣布，将于2015年6月左右启动IPO计划。同时，赶集网也开始在汽车、房产等领域试水新的业务模式，包括推出C2C二手车项目“赶集好车”及上门洗车项目“赶集易洗车”，在房产领域也与房产O2O平台“房多多”达成合作。\r\n</p>\r\n<p style=\"text-indent:2em;\">\r\n	早在2012年，赶集网就曾谋求赴美上市，但赶集网总裁杨浩然与前妻的股权之争使上市之事最终搁浅。而2013年10月58同城率先赴美上市，并引入腾讯战略投资后，领先优势逐渐拉开。作为上市公司的58同城，开始快速跑马圈地，一方面在产业链上通过投资布局，另一方面，成立了独立子公司“58到家”，发力上门经济。\r\n</p>\r\n<p style=\"text-indent:2em;\">\r\n	58同城与赶集网的合并，意味着两家分类信息平台多年的激烈竞争即将结束。作为该领域排名第一和第二位的公司，合并后将获得分类信息市场的绝对份额。同时，双方也会进一步在O2O方向上进行布局，深化业务模式。\r\n</p>', '0', 'admin', '2018-11-23 13:12:19', null);
INSERT INTO `dt_article` VALUES ('23', '6', '7', '电商下乡，京东、苏宁、阿里农村遭遇战打响？', '	\r\njd.png', '2015年，各大电商逐鹿广袤的农村市场，一场圈地运动正在上演，焦点之战在家电市场首先展开。4月9日，京东公布农村电商发展的阶段性成果，其中定位于农村大家电营销、配送、安装、维修的京东帮服务店表现抢眼——4个月时间，开设了超过…', '<p>\r\n	&emsp;&emsp;2015年，各大电商逐鹿广袤的农村市场，一场圈地运动正在上演，焦点之战在家电市场首先展开。\r\n</p>\r\n<p>\r\n	&emsp;&emsp;4月9日，京东公布农村电商发展的阶段性成果，其中定位于农村大家电营销、配送、安装、维修的京东帮服务店表现抢眼——4个月时间，开设了超过400家服务店，服务范围辐射超过10万个行政村。从去年11月20日在河北赵县开通第一家服务店以来，京东帮服务店展开迅猛，日均开店3家，单日开店最高55家。2015年，京东将电商下乡的目标确定为开设500家县级服务中心、招募数万名乡村推广员，建立1000家左右的京东帮服务店。\r\n</p>\r\n<p>\r\n	&emsp;&emsp;最近，苏宁宣布在2015年计划建成1500家苏宁易购服务站，并计划在5年内建立10000家，深入全国乡村，从渠道建设层面打通“农村电商”发展壁垒。阿里巴巴则在去年10月提出“千县万村”计划，将在3至5年内投资100亿元在县级地和农村建立线下服务点，具体将建立1000个县级运营中心和10万个村级服务站。\r\n</p>\r\n<p>\r\n	&emsp;&emsp;在电商下乡的拓展中，京东、苏宁和阿里巴巴在策略上，都是物流先行，构建起一张从县到村的线下服务点组成的地网。不同的是，京东还选择了第三方合作的方式，在每个县选择一家有经验的合作伙伴开通京东帮服务店，并通过系列服务和支持将其纳入到京东物流体系中，并基于农村的特点，承担起大家电营销、配送、安装、维修等综合职能。苏宁和阿里巴巴则整合第三方物流，构建覆盖农村的服务网络。\r\n</p>\r\n<p>\r\n	&emsp;&emsp;京东、苏宁和阿里巴巴挺进农村，首当其冲受到影响的是苏宁。苏宁在全国拥有1400家线下店，其中很多都是在三到六线地区，就像一线城市昔日电商的发展冲击线下店一样，当电商进入农村，最先受到影响的就是线下实体店。以家电为例，以前农民买电视，基本上只有去县城的电器实体店购买一条路径，现在他们可以选择像京东帮一样的电商服务店，价格便宜、服务到家、安装售后一条龙，农民又何乐而不为呢？\r\n</p>\r\n<p>\r\n	&emsp;&emsp;正如当年京东家电对苏宁的冲击一样，一场新的京东苏宁家电大战在农村拉开序幕，这次可能真的要革线下的命。在北京、上海、广州这样的一线城市，人们已经习惯在网上买东西，尤其在互联网环境下长大的80后也要买房装修购家电时，他们已经不再去线下实体店买东西了。苏宁现在赖以生存的就是三到六线地区的线下实体店，当京东在农村采用第三方合作的方式，快速拓店、服务到村的时候，对苏宁线下实体店的冲击将非常大。据京东披露的数据，京东帮服务店拉动的订单增长环比开店前已超过105%，其中华南区域已超过200%。\r\n</p>\r\n<p>\r\n	&emsp;&emsp;更重要的是，京东正在将自营的管理模式运用到京东帮服务店的运营中，这与苏宁的第三方物流模式形成鲜明的对比。据了解，京东帮服务店采用第三方合作的方式，因为申请者众多，京东选择合作方非常严格，最终入选的京东帮帮主都是具有丰富的家电配送、安装、维修等方面的经验。因为每个县只有一个京东帮，加之京东提供了系统、技术、品牌、营销等方面的支持，并为京东帮提供销售返点、配送安装补贴等服务，使得京东帮与京东结成了紧密的利益共同体，形成了类京东自营的体验。相比之下，苏宁采用第三方配送与供应商安装的模式则劣势明显，无法做到类似京东的一站式服务。从这个角度来看，京东帮虽然一个县只有一个，但能实现更好的体验，少而精。苏宁和阿里巴巴虽然通过第三方加盟的方式能够快速拓点，但造成了互相之间的竞争，服务参差不齐，多而杂。\r\n</p>\r\n<p>\r\n	&emsp;&emsp;无论是京东、苏宁，还是阿里巴巴，都在将触角伸向农村，目的很简单，就是在一线城市网购市场日渐饱和的情况下，开辟新的增长蓝海。相比京东和阿里巴巴的轻装上阵，苏宁则比较纠结为难，京东在迅速实现家电在一线地区崛起的同时，利用京东帮这样的独特模式，快速铺开，真正危机到了苏宁的根本。\r\n</p>\r\n<p>\r\n	&emsp;&emsp;京东、苏宁与阿里巴巴，在2015年的农村，正在激发一场新的战役。“得农村者，得天下”，让我们拭目以待！\r\n</p>\r\n<p>\r\n	&emsp;&emsp;南冥一鲨(微信公众号：southsharker)：解读行业发展的大势，揭示新闻背后的真相，总结互联网化的经验教训。关注南冥一鲨，在这里读懂互联网，因为知大势，方能赢未来。\r\n</p>', '0', 'admin', '2018-11-23 13:14:55', null);
INSERT INTO `dt_article` VALUES ('24', '6', '6', '易车总裁邵京宁：汽车行业电商化的三个阶段', 'yiche.png', '易车总裁邵京宁在艾瑞年度高峰会议上表示，汽车行业作为一个体量大且精英化的行业，与互联网的结合较其他行业相比更为缓慢。邵京宁认为，汽车作为一个拥有百年历史的重要的民用固造产业，拥有很深的制造业思维，是非常“骄傲和顽固”的，这造成了与互联网融合的缓慢。易车对国…', '易车总裁邵京宁在艾瑞年度高峰会议上表示，汽车行业作为一个体量大且精英化的行业，与互联网的结合较其他行业相比更为缓慢。\r\n<p>\r\n	邵京宁认为，汽车作为一个拥有百年历史的重要的民用固造产业，拥有很深的制造业思维，是非常“骄傲和顽固”的，这造成了与互联网融合的缓慢。\r\n</p>\r\n<p>\r\n	易车对国内51家汽车企业做的调查显示，有55%的互联网营销部门设置在市场部门下面，有10%左右是在销售部下面，有12%没有设定，仅有有3%是独特的销售互联网营销部门。\r\n</p>\r\n<p>\r\n	邵京宁认为，汽车行业的营销和电商还处于一体化阶段，概念还没有成型，还在业务的尝试和摸索当中。可能未来几年之后这个界限会看得更清楚。而过程会经历以下三个阶段：\r\n</p>\r\n<p>\r\n	第一个阶段，电商只是拿来作为噱头，这也是目前的主要的阶段。电商只是噱头，产品仍以传统产品为主，4S店主要还是线下的销售渠道，汽车厂商也并没有销售的增长，它的运营的效率和成效也并没有实质性的提升。购车的环节从C端体验来看也没有获得更大的优化，用户并没有获得更好的用户体验。\r\n</p>\r\n<p>\r\n	第二阶段，依托4S店体系进行厂下销售，这一阶段，从消费者体验来看是最新的尝试体验。依托4S店体系进行厂下销售，经销商负责展示和服务，承担轻库存。邵京宁认为，这种方式可以解决因产定销造成的厂商批发任务刚性，一旦市场销售不出去导致的大量存货、价格下降等问题。\r\n</p>\r\n<p>\r\n	第三阶段是C2B模式研发与生产，即建立以消费者为中心的服务体系，用户可以深度地参与品牌研发和营销的过程。从而最终影响到最高级别的品牌层级的变化，产生互联网思维的以人为本思维的汽车品牌。邵京宁认为，这应该是目前行业可以想象和预见到的最高级阶段。\r\n</p>', '0', 'admin', '2018-11-23 13:12:29', null);
INSERT INTO `dt_article` VALUES ('25', '6', '6', '小米董事长雷军：手把手教你做新电商', '', '小米电商的崛起，胜在重新制定生态规则的整体打法，从销售模式、电商系统搭建、物流系统支撑、社会化媒体运营等各维度构成一个业界从未见过的新架构整体。这也是为何很多对手尝试用小米模式围堵小米时，从一些单点切入模仿，却又浑身别扭的症结所在。用体系化的思维来看小米电…', '<p>\r\n	小米电商的崛起，胜在重新制定生态规则的整体打法，从销售模式、电商系统搭建、物流系统支撑、社会化媒体运营等各维度构成一个业界从未见过的新架构整体。这也是为何很多对手尝试用小米模式围堵小米时，从一些单点切入模仿，却又浑身别扭的症结所在。\r\n</p>\r\n<p>\r\n	用体系化的思维来看小米电商这个新事物，或许能对所谓“小米思维”有一些新的理解：\r\n</p>\r\n<p>\r\n	<strong>一、极致产品“混搭”强峰值承载力</strong>\r\n</p>\r\n<p>\r\n	先看一个小米网在2011年时的电商雏形实验：为了跑顺从零起步的电商系统，小米联合创始人黎万强跟团队商量先做一个“小米小卖部”，并特地从外面购来若干箱的可乐，准备做线上特卖。刚开始有人建议一元一罐，黎万强说“要做就做狠的，一毛钱！”于是，黎万强统发了内部邮件，鼓励小米员工在午饭时间下单抢可乐，并安排专人在领取处询问购买体验。\r\n</p>\r\n<p>\r\n	从这个故事基本能梳理出小米网的一些模式特点：一是销售具有引爆力的拳头产品，价格贴着成本走，以高性价比提供稀缺价值。此次米粉节首轮放出的50万台手机15分钟内即告售罄，小米移动电源（49元/69元价位）则成为首个破10万件销售的明星配件；二是特定时间段集中售卖，这要求配备一个强悍的系统可以负载峰值访问冲击。此次米粉节峰值访问高达1500万人次，后台大秒系统安然无恙，相比此前易迅、微博等平台与小米合作时的宕机窘态，足以说明小米电商的峰值承载能力早已走在前列。\r\n</p>\r\n<p>\r\n	我得到的消息是小米网的数据中心服务器数还不到1000台，与阿里、京东等巨头的庞大机器规模相比，堪称小而精悍，但单位投入效益极高。这是在过去2年半中几乎每周一次的峰值冲击中，逐渐磨合出来的。\r\n</p>\r\n<p>\r\n	<strong>二、“JustInTime+”物流体系</strong>\r\n</p>\r\n<p>\r\n	4月8日下午13：29分，顺丰快递员将米粉节第一单交到了南京一位女用户的手中，从下单、出库到妥投仅用3个多小时。\r\n</p>\r\n<p>\r\n	小米正越来越快。在创业之初，小米是在卷石大厦的紫米会议室现场发货，最开始的一两个月库存周转要30天。此后，小米迅速铺开全国物流、售后体系的建设。至今已陆续在全国开设了10个仓储物流中心，团队规模从400人扩充到1500人，据说库存周期时间逐渐缩短到了7天，同城极速配服务基本可以做到48小时上门，由此基本构筑了支撑小米电商崛起的物流配送网络。\r\n</p>\r\n<p>\r\n	实际上，小米的物流体系在起步之初就借鉴了丰田的JIT（JustInTime准时生产）模式，打造一套力求库存最小化的敏捷生产系统。但小米模式的独特之处在于，它的线上打法缩减了递增的中间渠道环节，极大缩减了终端需求数据的回流时间，并由此发展出了一种极速供应链玩法：提前一周收集预售订单数据，并结合当周的销售额、百度指数、论坛与微博话题热度等指数，制定下一周的生产量级，即本周生产量为下周销售量，货到仓库后即时发出，整个流程接近于零库存。\r\n</p>\r\n<p>\r\n	这种“JustInTime+”模式需要极强的系统对接能力，以及敏捷的生产与精准的配送能力。比如，小米的销售部门会照每月、每周给代工厂传递总体订单信息，但一定会每天实时调整排产计划。而小米物流运营中心会实时对接上游代工厂与下游物流配送商，车辆守在车间外，出货即装载，到仓即发货，以此达到物流发货能力最大化、库存积压最小化。\r\n</p>', '0', 'admin', '2015-04-16 13:42:05', null);
INSERT INTO `dt_article` VALUES ('26', '6', '6', '走小米的路子就想颠覆苹果？乐视君，你还是醒醒吧', '', '在北京气温骤升的4月14日，贾跃亭终于在万事达中心发布了久违的3款乐视超级手机。此前贾跃亭曾放言要颠覆苹果，在看完这场发布会后，嗅君觉得乐视要颠覆苹果还为时尚早。背景复习：乐视手机可能是贾跃亭的豪赌“乐视手机此次跟代工厂签订的首批订单量为30万台，目前代工厂已交…', '<p>\r\n	在北京气温骤升的4月14日，贾跃亭终于在万事达中心发布了久违的3款乐视超级手机。此前贾跃亭曾放言要颠覆苹果，在看完这场发布会后，嗅君觉得乐视要颠覆苹果还为时尚早。\r\n</p>\r\n<p>\r\n	<strong>背景复习：乐视手机可能是贾跃亭的豪赌</strong>\r\n</p>\r\n<p>\r\n	“乐视手机此次跟代工厂签订的首批订单量为30万台，目前代工厂已交付21万台”。如果这一消息可靠，结论有二：\r\n</p>\r\n<p>\r\n	1、贾跃亭乐视手机上的投入堪称豪赌：即便以平均每台成本1000元估算，这批订单就要花去3亿。这不是一笔小数，根据乐视网发布的年报，其2014年净利润不过3.64亿元。\r\n</p>\r\n<p>\r\n	2、贾跃亭似乎并不是只想讲一个故事就算了，而是真想卖手机，根据此前驱动之家的报道，当初锤子手机对富士康的首批签单为也不过20万台左右。\r\n</p>\r\n<p class=\"text-big-title\">\r\n	<strong>像小米，但比小米更狠</strong>\r\n</p>\r\n<p>\r\n	小米已经是国内手机行业绕不开的一个存在，也是乐视在智能电视市场的老对手。但乐视手机发布会上透露的信息和战略思路，却像极了小米的路子，在“不靠硬件赚钱，靠服务赚钱”的道路上，乐视似乎走得更远。\r\n</p>\r\n<p>\r\n	单看参数，确实都已经达到了旗舰级别。虽然“不服跑个分”这个梗已经被国内手机厂商玩坏，但贾跃亭还是秀了乐1突破5万的安兔兔跑分。\r\n</p>\r\n<p>\r\n	除了展示旗舰级别的配置参数、跑分，乐视还请来了供应商高通和夏普的高管为自己站台。利用顶级供应商的品牌为自己背书，这也是小米早期用过的策略。\r\n</p>\r\n<p>\r\n	这估计是最让友商们无语的一段。雷军总说小米“贴着成本定价”、“不靠硬件赚钱”，贾跃亭则更加激进，为了显示乐视不靠硬件赚钱，直接就公布了乐1和乐1Pro的BOM成本\r\n</p>\r\n<p>\r\n	对大多数行业而言，详细的成本计算即便不算商业机密，也是不便公开讨论的事项，毕竟很少有企业会把自己的账本给外人看。乐视此举，确实前无古人。\r\n</p>\r\n<p>\r\n	除了公布BOM，贾跃亭又使出另一个激进的新招，即按量产成本定价。如果手机厂商按照手机的初期整机成本定价（发布会上贾跃亭公布乐1Pro的初期整机成本定价为2800元左右），则手机实现一定规模量产后，因为规模效应，元器件的采购成本降低，整机的实际成本下降，手机厂商仍然能通过销售硬件获得利润。贾跃亭声称按量产成本定价，就意味着放弃了此后量产规模效应带来的硬件利润。\r\n</p>\r\n<p>\r\n	看起来乐视手机准备在“不靠硬件赚钱”这条路上一直走到黑。靠前面的这两招，再加上贾跃亭又对比了“别家加价率”和“自家加价率”，乐视俨然成为了手机行业的“业界良心”。\r\n</p>\r\n<p>\r\n	但单就发布会上乐视的信息呈现，这个“业界良心”实在容易贻人口实。\r\n</p>\r\n<p>\r\n	<strong>不严谨之处一，“别家成本”的数据来源。</strong>据贾跃亭在发布会上称，别家成本的数据来源是“国外专业的拆机网站”和“乐视的供应链团队”，也就是第三方和乐视自己的推算，用这种推测出来的数据，在公开场合谴责友商定价过高，这样真的好吗？\r\n</p>\r\n<p>\r\n	<strong>不严谨之处二，量产成本应该是个动态概念。</strong>根据常识，考虑手机量产的规模经济，不同数量级（十万级、百万级、千万级）的量产成本肯定不一样，乐视只提量产成本，却不提是在什么规模下达到的量产成本，严格地说，这不科学。\r\n</p>\r\n<p>\r\n	贾跃亭在发布会上提到要让消费者理性消费，但其在发布会上的表述本身有误导消费者之嫌。\r\n</p>\r\n<p>\r\n	不过不得不说，贾在发布会上提到的存储加价对比（即同款手机16G、32G、64G等不同版本之间的差价），确实向普通消费者科普了手机厂商的赚钱伎俩。\r\n</p>\r\n<p class=\"text-sm-title\">\r\n	3、用视频服务挣钱\r\n</p>\r\n<p>\r\n	当小米谈论“靠服务挣钱”的时候，甚至连很多业内人士都说不清小米究竟靠什么服务挣钱，但当乐视说自己要靠服务挣钱的时候，全世界都知道是视频内容服务。\r\n</p>\r\n<p>\r\n	此前有分析并不看好乐视手机，理由是手机屏幕小、流量贵，观看视频内容的体验不好，但现在看来这个逻辑似乎颠倒了，<strong>与其说乐视想利用视频内容这个优势去促进手机购买，不如说乐视想通过打造高性价比旗舰手机来促进内容服务订阅，抛开UI设计和工业设计不谈，单看价格和配置，乐视手机的性价比本身确实具有吸引力</strong>。\r\n</p>\r\n<p>\r\n	乐视提出“裸机”概念，并且把手机最终售价和视频服务订阅绑定，这和运营商推“合约机”有些相似。也可以这么换算，如果一位消费者买了一年的乐视合约机，他为乐视全屏影视会员付出499元，为手机少付出300元，相当于以199的优惠价格购买了一年会员服务，即购买乐视手机，便获得了以每年199元优惠价格购买乐视会员服务的资格。\r\n</p>\r\n<p>\r\n	据乐视移动智能公司总裁冯幸在发布会后透露，<strong>乐视不会限制“裸机”消费</strong>，所以乐视“合约机”对乐视会员订阅的推动作用，仍有待观察。\r\n</p>\r\n<p class=\"text-big-title\">\r\n	<strong>销量目标和融资情况</strong>\r\n</p>\r\n<p>\r\n	尽管乐视手机的槽点很多，比如像极了Flyme的eUI，比如工业设计又太像iPhone、华为Mate 7、HTC One M9，再比如踩着苹果营销，但其性价比毕竟摆在那里，而且用视频服务挣钱的思路也很清晰。\r\n</p>\r\n<p>\r\n	乐视团队似乎对自己的产品很有信心，冯幸透露，乐视手机今年的销量目标是百万级，明年的销量目标是千万级。\r\n</p>\r\n<p>\r\n	乐视手机团队与多个资本方有过接触，目前已初步确定了一家领投机构，跟投方待定。\r\n</p>\r\n<p class=\"text-big-title\">\r\n	<strong>接下来是嗅君吐槽时间</strong>\r\n</p>\r\n<p class=\"text-sm-title\">\r\n	1、说好的无边框呢？这一圈黑线是什么？\r\n</p>\r\n<p class=\"text-sm-title\">\r\n	2、 开场的七匹狼和雷克萨斯硬广告\r\n</p>\r\n<p>\r\n	嗅君参加过各种各样的很多发布会，但在开场前插两条硬广告的发布会，这还真是第一次。\r\n</p>\r\n<p class=\"text-sm-title\">\r\n	3、 乐视头盔，就不能把实物做出来再发布么？\r\n</p>\r\n<p>\r\n	除了乐视自行车、乐视超级汽车这些仍不见实物的产品，今天发布会上贾跃亭又发布了一款不见实物的新品——乐视超级头盔。这款虚拟现实设备可支持最大1000寸的影音播放面积，最大可视角度为800度，可与乐视超级手机实现互联，实现即插即用，但仍处于“测试阶段”。<strong>难道贾总就真学不会先把产品设计出来、测试好，然后再开发布会么？</strong>\r\n</p>\r\n<p class=\"text-sm-title\">\r\n	4、 奖励一辆乐视超级汽车，这奖励是不是太飘了。。。\r\n</p>\r\n<p>\r\n	贾总看来对乐Max非常有信心，甚至主动求战：如果在6个月之内，出现和乐Max整体性能相媲美的手机，重奖，但奖品居然是...乐视超级汽车1辆...\r\n</p>\r\n<p>\r\n	这奖励是不是太飘了，嗅君甚至能帮友商们想好段子：如果在6个月之内，乐视真能造出超级汽车，白送乐视每位员工一枚本场旗舰手机。\r\n</p>\r\n<p class=\"text-sm-title\">\r\n	5、你有见过这么乱七八糟的发布会吗？\r\n</p>\r\n<p>\r\n	最后的吐槽与乐视的各板块业务、贾总的言论无关，只是单纯吐槽这一次发布会。顶着太阳，嗅君来到万事达中心西门，人太多，已有保安组人墙强制排队，光有邀请函还不行，需要换票，挤到西门旁边最近的换票点，被告知是普通观众换票点，“媒体呀，找联系你的公关，谁邀请你，你就联系谁”，遂拨电话，手上三个公关的电话打个遍，全占线，实在无计，顺手截住一枚乐视公关姑娘，姑娘欲让西门换票同事通融，答曰不可，让我用另一乐视公关名额，向西门换票同事报了号码，答曰查无此人，姑娘无计、无语亦无奈，最后把自己的票给了嗅君。\r\n</p>\r\n<p>\r\n	仅仅换票一个环节，就用了二十分钟，还是在太阳暴晒下。待嗅君入场坐定，已经两点，理论上发布会应该开始了，乐视发布会群里还有记者没领到票。<strong>如果不是那位姑娘，嗅君真不知要晒太阳到啥时候。</strong>\r\n</p>', '1', 'admin', '2015-04-16 13:50:20', null);
INSERT INTO `dt_article` VALUES ('27', '6', '7', '中国首个东盟电子商务平台“美丽湾”启动', 'meiliwan.png', '8月23日下午,国内第一家专业的东盟电子电商平台“美丽湾(www.meiliwan.com)”在广西南宁举行启动仪式。“美丽湾”东盟电子商务平台是由美丽传说股份有限公司全力打造的最专业、最具特色的中国与东盟间的B2B2C电子贸易平台。本次启动仪式以“美丽中国美丽湾”为主题，由美丽传说…', '<p>\r\n	8月23日下午,国内第一家专业的东盟电子电商平台“美丽湾(www.meiliwan.com)”在广西南宁举行启动仪式。“美丽湾”东盟电子商务平台是由美丽传说股份有限公司全力打造的最专业、最具特色的中国与东盟间的B2B2C电子贸易平台。\r\n</p>\r\n<p>\r\n	本次启动仪式以“美丽中国·美丽湾”为主题，由美丽传说股份有限公司主办，南宁市高新技术产业开发区、南宁市商务局协办。广西壮族自治区、南宁市相关政府部门领导、东盟及广西原产地产品供应商代表等出席了仪式。\r\n</p>\r\n<p>\r\n	美丽传说股份有限公司CEO孙锁军先生在仪式上详细介绍了“美丽湾”的整体情况，并专门向广西自治区副主席张晓钦及相关政府领导就东盟电子商务的发展做了汇报。\r\n</p>\r\n<p>\r\n	启动仪式上，中共南宁市委副书记李泽代表南宁市委市政府对“美丽湾”东盟电子商务平台的启动表示了的祝贺。李泽副书记对“美丽湾”在广西建设东盟电子商务平台的工作表示了肯定，他说：“美丽湾在利用互联网基因改造传统产业方面有先进的技术经验、丰富的平台资源。广西作为中国-东盟间贸易的桥头堡，在加速中国-东盟间贸易进度中扮演着非常重要的角色，把广西建设成为中国-东盟自由贸易区的‘三基地一中心’，是国家对广西的要求，也是广西对接东盟的一个重点，美丽湾的诞生正契合这一历史发展的需求，美丽湾的上线标志着‘三基地一中心’中的‘信息交流中心’建设实现了一个新跨越。”同时，李泽副书记对美丽湾的发展寄予了厚望，他说：“希望‘美丽湾’能抓住南宁难得的历史发展机遇，充分利用本地资源，立足南宁、布局广西、辐射东盟，整合和引领东盟电子商务产业的发展，以先进的互联网模式带动南宁本土企业实现产业转型，成为东盟经济、北部湾经济、广西经济发展的有力后劲”。\r\n</p>\r\n<p>\r\n	美丽传说股份有限公司CEO孙锁军向与会嘉宾介绍了“美丽湾”东盟电子商务平台的整体情况。\r\n</p>\r\n<p>\r\n	“美丽湾”是目前第一家专业服务于中国与东盟间的B2B2C电子商务平台，“美丽湾”坚持源头采购的承诺，为个人用户和企业用户提供最正宗的东盟十国及广西的特色产品，同时，也为东盟和广西商品进入国内市场搭建一流的电子商务平台。&nbsp;\r\n</p>\r\n<p>\r\n	美丽湾以“积极促进中国与东盟贸易方式的改善，努力成为中国与东盟贸易的最大电子商务平台，打造‘永不落幕的东盟贸易博览会’”为愿景。孙锁军说：“我们希望通过‘美丽湾’东盟电子商务平台的平台优势，带动广西和东盟进入国内的实体企业实现电子商务化，把广西和东盟的特色文化和特色产品推广向国内市场。同时，我们希望能通过‘美丽湾’东盟电子商务平台，用互联网技术和互联网思维方式，解决和提升中国与东盟间的物流、资金流、信息流等贸易配套系统，配合国家东盟战略，促进和扩大中国-东盟间的边贸往来。”\r\n</p>', '3', 'admin', '2018-11-23 13:20:35', null);
INSERT INTO `dt_article` VALUES ('36', '6', '10', '京东全球购将会沦为“海外代购”', '	\r\njd.png', '4月16日消息称，京东全球购业务正式上线，首批上线的进口商品超过15万种，品牌数量超过1200个，商铺超过450家。这是继天猫国际、亚马逊中国涉足跨境电商之后，又一家给中国“剁手党”们带来福利的电商公司。其实，早在电商公司涉足“海外购”业务之前，聪明智慧的中国人民早就…', '<p class=\"text\">\r\n	4月16日消息称，京东全球购业务正式上线，首批上线的进口商品超过15万种，品牌数量超过1200个，商铺超过450家。这是继天猫国际、亚马逊中国涉足跨境电商之后，又一家给中国“剁手党”们带来福利的电商公司。\r\n</p>\r\n<p class=\"text\">\r\n	其实，早在电商公司涉足“海外购”业务之前，聪明智慧的中国人民早就发明了一个名字叫“海外代购”，淘宝、微信朋友圈，随便一搜到处可见做“海外代购”业务的小商家。他们通过无所不用其极的各种手段在海外拿到货源，又通过无所不用其极的各种途径带入国内，当然，他们也有足够多的办法绕过海关的高关税，从而赚取差价。虽然，“海外代购”存在巨大的政策风险，但是在贵国高关税的压力下，这也不失为一种变通的办法，更何况很多商品国内确实买不到。但是，这种“海外代购”模式有一个无法解决的“痛点”，怎么杜绝“山寨货”和“假货”。\r\n</p>\r\n<p class=\"text\">\r\n	京东海外购的推出也是看准了这个“痛点”，新闻稿里反复强调正品保障，“一旦发现商家有售假行为，将处以平台销售额20倍违约金或10000美元的严厉处罚。” 京东全球购总监邱煌表示，“京东全球购从正式筹备到现在三个多月的时间，引进非常多海外商家，而自营方面的业务也在逐渐开展起来，不过在前期阶段，自营业务的总体占比比较小。”\r\n</p>\r\n<p class=\"text\">\r\n	那么，问题来了。京东海外购更多是引用了第三方商家入住京东平台，这就又回到了那个老生常谈的问题，如何杜绝“山寨货”和“假货”。\r\n</p>\r\n<p class=\"text\">\r\n	这绝对不是鸡蛋里面挑骨头，有图有真相。不信你看。\r\n</p>\r\n<p class=\"text\">\r\n	去年10月，美国第二大零售商Costco（好市多）试水中国市场入驻天猫国际，今年4月初，又有媒体报道Costco登陆了京东全球购，新闻稿说，Costco在京东的旗舰店已于3月8日开始试运行，主营Costco自有品牌Kirkland(柯克兰)旗下产品。\r\n</p>\r\n<p class=\"text\">\r\n	对此，Costco官方进行了回应：“Costco天猫国际店是Costco在中国的唯一网上海外旗舰店，欢迎消费者到Coscto天猫店选购优质，正宗的Costco产品。Costco保留对无授权销售产品的网站采取法律措施的权利。”\r\n</p>\r\n<p class=\"text\">\r\n	随即，京东紧急撤下了“Costco旗舰店”店标，里面的所有商品介绍也都全部更改，没有了任何Costco相关字眼。\r\n</p>\r\n<p class=\"text\">\r\n	整个事件，媒体已有详尽的报道，大家可以去百度新闻搜索便知，再次不再赘述。“山寨Costco事件”正是说明了京东的全球化购物存在众多问题，山寨Costco只是冰山一角。不信接着看。\r\n</p>\r\n<p class=\"text\">\r\n	无独有偶。\r\n</p>\r\n<p class=\"text\">\r\n	京东全球购频道有一家名为“美体小铺旗舰店”（The Body Shop），店铺用的模特照片感觉特别山寨，Jennifer Aniston并没给美体小铺（The Body Shop）做过代言人，很有可能是盗用相片。当然，此时我也没有精力去核实，暂且只是一提。\r\n</p>\r\n<p class=\"text\">\r\n	但是，根据了解，该“旗舰店”的运营的代理商是Hu International 。根据业内人士向The Body Shop英国总部了解，该代理商没有获得任何开设旗舰店的授权，甚至连京东都没有听说过。事实上The Body Shop已经在2014年初宣布撤出中国，不在国内设任何旗舰店。\r\n</p>\r\n<p class=\"text\">\r\n	至于Hu International的代理资质，在英国随处可得，很多中国留学生都拿到这个为The Body Shop做代理的资质，在国内做代购业务。也就是说明明是“海外代购”，却冒充“旗舰店”的模式，未经授权滥用品牌。这和上文提到的“山寨Costco事件”如出一辙。\r\n</p>\r\n<p class=\"text\">\r\n	再赠送一个案例，具有同样现象的还有另一个著名美妆品牌小蜜蜂（Burts Bees），京东在没有获得出示旗舰店授权资质的情况下，就开出了旗舰店。\r\n</p>\r\n<p class=\"text\">\r\n	那么，所谓的京东全球购，到底有多少是山寨公司，打着国际大品牌的牌子，做着“海外代购”生意？我们不得而知。\r\n</p>\r\n<p class=\"text\">\r\n	既然今天是应百家的“争鸣”栏目约稿，作为反方代表，我就暂且提供以上论据，还请对方辩友解释，如何能让用户放心地上京东全球购？它又如何保证不会沦为“全球代购”？\r\n</p>', '5', 'admin', '2018-11-23 13:26:29', null);
INSERT INTO `dt_article` VALUES ('37', '9', '17', '现代简约 明亮的外表卧室卧室背景墙、吊顶黄色', 'xiandaijieyue.jpg', '不要简朴不要素雅洋气卧室我做主，高低床榻榻米式靓丽卧室装扮，现代油画壁画帆布画卧室餐厅仟象映画，现代中式卧室装修图欣赏，温馨浪漫，而且很时尚的卧室设计，欧式卧室飘窗装修效果图。', '不要简朴不要素雅洋气卧室我做主，高低床榻榻米式靓丽卧室装扮，现代油画壁画帆布画卧室餐厅仟象映画，现代中式卧室装修图欣赏，温馨浪漫，而且很时尚的卧室设计<span id=\"__kindeditor_bookmark_start_8__\">，欧式卧室飘窗装修效果图。</span>', '0', 'admin', '2018-11-23 14:25:34', null);
INSERT INTO `dt_article` VALUES ('38', '9', '17', '很美的落地大书柜 可以放超多的图书的吧', 'luodishugui.jpg', '很美的落地大书柜 可以放超多的图书的吧，转角的书柜以及书桌，这里可以收纳超多的东西，书柜,书桌这些是&quot;七彩人生&quot;品，双层书柜组合书柜儿童书柜。', '很美的落地大书柜 可以放超多的图书的吧，转角的书柜以及书桌，这里可以收纳超多的东西，书柜,书桌这些是\"七彩人生\"品，双层书柜组合书柜儿童书柜。', '0', 'admin', '2018-11-23 14:25:25', null);
INSERT INTO `dt_article` VALUES ('39', '9', '17', '西班牙阿拉尔孔郊区的80平米一室一厅的公寓', 'xibanya.jpg', '这是一套在西班牙阿拉尔孔郊区的80平米一室一厅的公寓，用一道墙分隔出了客厅与厨房，虽然整体来看室内设计有些混搭风，但似乎某些空间和角度去看又会有着自己的主题。', '这是一套在西班牙阿拉尔孔郊区的80平米一室一厅的公寓，用一道墙分隔出了客厅与厨房，虽然整体来看室内设计有些混搭风，但似乎某些空间和角度去看又会有着自己的主题。', '0', 'admin', '2018-11-23 14:25:15', null);
INSERT INTO `dt_article` VALUES ('40', '9', '18', '欧式风格继承了巴洛克风格中豪华、动感、多变的视觉效果', 'oushi.png', '继上编欧式客厅装修效果图之后，今天，小编为大家带来的是一组不同类型的欧式卧室装修效果图。欧式卧室的设计风格按不同的地域文化可分为北欧卧室、简欧卧室和传统欧式卧室。在中国，因为欧式风格继承了巴洛克风格中豪华、动感、多变的视觉效果，也吸取了洛可可风格中唯美、律…', '继上编欧式客厅装修效果图之后，今天，小编为大家带来的是一组不同类型的欧式卧室装修效果图。欧式卧室的设计风格按不同的地域文化可分为北欧卧室、简欧卧室和传统欧式卧室。在中国，因为欧式风格继承了巴洛克风格中豪华、动感、多变的视觉效果，也吸取了洛可可风格中唯美、律动的细节处理元素，所以很受上层人士的青睐。', '0', 'admin', '2018-11-23 14:05:36', null);
INSERT INTO `dt_article` VALUES ('41', '9', '18', '居住在这样的房子容易出现自杀或血光之灾的现象', 'fangzi.png', '1、房屋风水学之地形如果选择在三角形的地方上盖房，此类地方出现自杀现象的机率比较高。如果所住的大楼是呈现三角形的状态，那居住在这样的房子，也是容易出现自杀或血光之灾的现象。2、房屋风水学之电线杆对大门在房屋风水学中，电线杆直对房屋的大门正中或者窗户正中(仅限于…', '<strong>1、房屋风水学之地形</strong><br />\r\n如果选择在三角形的地方上盖房，此类地方出现自杀现象的机率比较高。如果所住的大楼是呈现三角形的状态，那居住在这样的房子，也是容易出现自杀或血光之灾的现象。<br />\r\n<strong>2、房屋风水学之电线杆对大门</strong><br />\r\n在房屋风水学中，电线杆直对房屋的大门正中或者窗户正中(仅限于比较大的窗户)这样的情况，是容易损害一个家的运气，另外电线杆的电流也是会影响一个人的思维，常年积累容易损伤精神，从而出现想不开或者精神出现问题的现象。<br />\r\n<strong>3、房屋风水学之采光过差</strong><br />\r\n正常的房子白天都有适合的光线，但有些房子的亮度不行，特别是有些房子白天也必须开灯，否则就看不见，滴天居士提醒这类的房子必须要加上常明灯才可以，否则此类房子会泄主人的阳气，多为不利，对体质或元气弱的人多有危险。<br />\r\n这类的风水中也常见有自杀的现象，特别是在一些大厦里，采光不畅或阴气过旺，常见若干自杀案例。正常情况下，一个人走出家门或走入家门时的走廊需要多加强光亮度，因为建筑结构因素，如果不能采光的话也要安装一盏亮度略高的灯为好。<br />\r\n<strong>4、房屋风水学之进门</strong><br />\r\n如果居住在进口狭窄的地方，主风水不利，特别大门直对着电梯的主风水不吉，滴天居士建议此类房子可以用一对镇宅风水物直对着电梯为好，<br />\r\n<strong>5、房屋风水学之房子空间比例</strong><br />\r\n正常的房子都是底层或一层比较高，但如果是因为种种原因，出现了一层不高，但二层或三层比较高，那这样的房子主风水不利，易出现血光之灾或自杀倾向的事件。<br />', '1', 'admin', '2018-11-23 14:08:51', null);
INSERT INTO `dt_article` VALUES ('42', '9', '18', '100平米田园雅居三口之家 自然舒适空间', 'tianyuan.png', '设计师认为田园风格几乎可以等同于乡村风格。所以作为田园风格的载体——乡村。由于比城市更贴近原始自然环境，而居住在乡村里的人们的生活方式淳朴，生性豁达率性，心理压力小。所以在现今日益发达的城市中，因为繁杂喧闹并且污染越来越严重的城市环境和快速的生活节奏，繁忙…', '设计师认为田园风格几乎可以等同于乡村风格。所以作为田园风格的载体——乡村。由于比城市更贴近原始自然环境，而居住在乡村里的人们的生活方式淳朴，生性豁达率性，心理压力小。所以在现今日益发达的城市中，因为繁杂喧闹并且污染越来越严重的城市环境和快速的生活节奏，繁忙的工作压力。使得现代的城市人将羡慕的眼光投向了曾经不屑的乡村。他们重新开始对乡村生活方式感到好奇或向往。', '0', 'admin', '2018-11-23 14:07:54', null);
INSERT INTO `dt_article` VALUES ('43', '9', '18', '清新有活力的公寓设计 用色彩焕然一新', 'qingxin.jpg', 'Widawscy Studio为华沙的一处公寓做了设计，初看是最为保守的白底搭配木质元素，细看发现每个空间都被赋予了不同的色彩。面积最大的公共空间，包括客厅，餐厅和厨房采用了黄色的，让家人相聚时始终保持一颗愉快的心情，沉稳的灰色的主卧，轻快的蓝色调卧室，被芥末绿铺满的卫生…', 'Widawscy Studio为华沙的一处公寓做了设计，初看是最为保守的白底搭配木质元素，细看发现每个空间都被赋予了不同的色彩。面积最大的公共空间，包括客厅，餐厅和厨房采用了黄色的，让家人相聚时始终保持一颗愉快的心情，沉稳的灰色的主卧，轻快的蓝色调卧室，被芥末绿铺满的卫生间，减少配饰的使用 ，用色彩焕然一新。', '3', 'admin', '2018-11-23 14:09:52', null);
INSERT INTO `dt_article` VALUES ('44', '9', '19', 'Hossein Zare 的超现实摄影作品', 'hoss.jpg', '我们曾介绍过Hossein Zare的极简黑白摄影作品。这一次，摄影师将带领我们进入一个在现实中并不存在的梦想世界。Zare创作了这组近似于彩色插画般的照片。注意他是如何将现实中的自然与城市风光融入到自己想象中的空间里去的。', '<p>\r\n	我们曾介绍过Hossein Zare的极简黑白摄影作品。这一次，摄影师将带领我们进入一个在现实中并不存在的梦想世界。\r\n</p>\r\n<p>\r\n	Zare创作了这组近似于彩色插画般的照片。注意他是如何将现实中的自然与城市风光融入到自己想象中的空间里去的。\r\n</p>', '0', 'admin', '2018-11-23 14:28:15', null);
INSERT INTO `dt_article` VALUES ('45', '9', '20', 'Vassilis Tangoulis意境风光摄影作品', 'vass.jpg', 'Vassilis Tangoulis 白色的沉默摄影作品集，Vassilis Tangoulis 是一位屡获殊荣的艺术摄影师，他创作了一组迷人的黑白意境摄影作品，每一张图片都传达了沉默中的宁静时光，给人以宁静致远的深思。', 'Vassilis Tangoulis 白色的沉默摄影作品集，Vassilis Tangoulis 是一位屡获殊荣的艺术摄影师，他创作了一组迷人的黑白意境摄影作品，每一张图片都传达了沉默中的宁静时光，给人以宁静致远的深思。', '0', 'admin', '2018-11-23 14:28:40', null);
INSERT INTO `dt_article` VALUES ('46', '9', '21', 'Takashi Kitajima梦幻迷离的城市夜景摄影作品', 'toksi.jpg', '这组梦幻夜景来自日本摄影师Takashi Kitajima，拍摄的都是东京的夜景。摄影师将模糊的光斑与现实中的全景城市相结合，抽象了建筑物原本轮廓分明的线条，创作出了这个光怪陆离的奇幻世界。', '这组梦幻夜景来自日本摄影师Takashi Kitajima，拍摄的都是东京的夜景。摄影师将模糊的光斑与现实中的全景城市相结合，抽象了建筑物原本轮廓分明的线条，创作出了这个光怪陆离的奇幻世界。', '0', 'admin', '2018-11-23 14:27:38', null);
INSERT INTO `dt_article` VALUES ('47', '9', '20', '宁静唯美的黑白风光摄影欣赏', 'ningjing.jpg', '摄影绝不仅仅只是按动快门那么简单，色彩上微妙的变化，拍摄的时候尝试调节不同的曝光补偿，一张好的黑白摄影布光发挥了至关重要的作用，同时对于我来说是不同寻常的。肉丁为你分享不一样的黑白摄影，下面给大家分享一篇像油画一样迷人的黑白色的风景摄影作品欣赏，看摄影师的…', '摄影绝不仅仅只是按动快门那么简单，色彩上微妙的变化，拍摄的时候尝试调节不同的曝光补偿，一张好的黑白摄影布光发挥了至关重要的作用，同时对于我来说是不同寻常的。肉丁为你分享不一样的黑白摄影，下面给大家分享一篇像油画一样迷人的黑白色的风景摄影作品欣赏，看摄影师的精彩作品、试着享受孤独的宁静.享受拍摄的乐趣，希望你能够喜欢这些情趣盎然的作品，一起欣赏吧。每个人对照片都有自己不同的品味和选择，色彩上微妙的变化，自然光能够做主光、侧光、背光和轮廓光，却能吸引旁人的眼球，可以透过相机的眼睛，发现生活的美丽，而且对于我来说是不同寻常的。肉丁带你领略不同的黑白摄影，这里有一篇像油画一样迷人的黑白色的风景摄影作品欣赏，结合这些照片的拍摄技巧、一睹大师的风采，希望能带给你快乐，这里你可以看到一些美丽的照片。', '0', 'admin', '2018-11-23 14:29:35', null);
INSERT INTO `dt_article` VALUES ('48', '9', '20', '西班牙摄影师的人像创意摄影作品：血秀', 'xiban.jpg', '现居马德里的西班牙摄影师Paco Peregrn的西班牙摄影师的人像创意摄影作品。这组名为“血秀（The Blood Show）”的作品是为《Ae》杂志拍摄，艺术指导/造型师：Kattaca，化妆师/发型师：Yurema Villa。PacoPeregrn生于西班牙阿尔梅利亚，毕业于塞尔维亚艺术学院，后又到圣马丁艺…', '<p>\r\n	现居马德里的西班牙摄影师Paco Peregrín的西班牙摄影师的人像创意摄影作品。\r\n</p>\r\n<p>\r\n	这组名为“血秀（The Blood Show）”的作品是为《Ae》杂志拍摄，艺术指导/造型师：Kattaca，化妆师/发型师：Yurema Villa。\r\n</p>\r\n<p>\r\n	PacoPeregrín生于西班牙阿尔梅利亚，毕业于塞尔维亚艺术学院，后又到圣马丁艺术设计学院国际摄影中心、安达卢西亚当代艺术中心、安达卢西亚摄影中心、马德里康普顿斯大学、圣地亚哥德孔波斯特拉大学等处学习摄影和艺术。他继承了西班牙人热情奔放的性格，也浸染了滋养过达利、高迪等大批天才艺术家的五彩斑斓的西班牙文化。他的作品用色大胆、构图多样，充满想象力。他混合了感官刺激和前卫艺术的元素，创作出兼具情色、高雅和神秘风情的作品，在摄影领域独树一帜。<br />\r\n&nbsp;多年来，他不仅在艺术摄影领域取得了巨大的成功，具有世界范围的影响力，还在时尚和商业摄影领域获得了成功，作品被众多世界顶级的时尚杂志追捧。耐克、阿迪达斯、马自达、丰田等世界著名品牌都成为他的客户。PacoPeregrín：我在塞维利亚长大，那是一座充满巴洛克风格的城市。这种环境对我的审美和艺术感受力影响深远，我非常喜欢这种风格。在我的作品中，这种风格非常明显，比如光线的运用、戏剧化的效果等。不过我也喜欢一些与之截然相反的艺术形式，比如极简派艺术。我的作品常常有多种艺术风格糅合其中，比如弗兰德斯画派的风格和超现实主义艺术等。在工作中，我既像演员，又像舞台设计师，还是造型师、服装设计师和导演。\r\n</p>', '0', 'admin', '2018-11-23 14:29:59', null);
INSERT INTO `dt_article` VALUES ('49', '9', '24', '国产嫩模许喵喵Mickey大尺度写真最新曝光 胸大不忍直视', 'guochannenmo.jpg', '近日，国产嫩模许喵喵Mickey在微博上晒出一组大尺度写真引发热议。＠许喵喵Mickey 自己描述：“等了你一千年，来为我画眉，前世埋我的人，我来报你的恩，人间冰冷，别怪我是妖，有时妖心慈过世人心。（感谢《妖蛇》摄制组全体工作人员，大家辛苦了）”', '近日，国产嫩模许喵喵Mickey在微博上晒出一组大尺度写真引发热议。＠许喵喵Mickey 自己描述：“等了你一千年，来为我画眉，前世埋我的人，我来报你的恩，人间冰冷，别怪我是妖，有时妖心慈过世人心。（感谢《妖蛇》摄制组全体工作人员，大家辛苦了）”', '2', 'admin', '2018-11-23 14:33:31', null);
INSERT INTO `dt_article` VALUES ('50', '9', '23', '有气质且带可爱的美女组图', 'youqizhi.jpg', '有气质且带可爱的美女组图有气质且带可爱的美女组图有气质且带可爱的美女组图', '有气质且带可爱的美女组图有气质且带可爱的美女组图有气质且带可爱的美女组图', '2', 'admin', '2018-11-23 14:33:57', null);
INSERT INTO `dt_article` VALUES ('51', '9', '23', '超甜美的韩国美女美图欣赏', 'chaotianmei.jpg', '收集了甜素纯美女写真图1等精彩图片,同时汇集美女图片,搞笑图片,奇闻趣事,风景图片,明星写真,娱乐八卦,气质,清纯,非主流,美女,高清图片', '收集了甜素纯美女写真图1等精彩图片,同时汇集美女图片,搞笑图片,奇闻趣事,风景图片,明星写真,娱乐八卦,气质,清纯,非主流,美女,高清图片', '2', 'admin', '2018-11-23 14:38:02', null);
INSERT INTO `dt_article` VALUES ('52', '9', '22', '中日混血龙星妍秀诱人身材', 'zhongri.jpg', '龙星妍，中日混血儿，网络红人。有着内地新生代“性感宝贝”、时尚嫩模之称，平面广告模特、影视剧演员、歌手，是《瑞丽》《淑媛》《男人装》《女友》《时尚》等大型时尚杂志的御用模特。 《男人装》年度飞跃之星 　　“精品十五年”最佳新锐明星奖 　　“风尚中国榜”最佳风尚…', '北京四季酒店,柳岩出席设计师好友兰玉的高级成衣发布Show,她身穿兰玉设计的纯白卡肩礼服惊艳登场,优雅晚装发髻搭配翡翠镶钻珠宝,举手投足尽显大气温婉,而卡肩低胸的礼服设计更是衬托出柳岩傲人的事业线资本,性感指数爆灯,入场即引来现场阵阵骚动,柳岩轻松看秀全程甜笑连连,心情靓绝。', '0', 'admin', '2018-11-23 14:49:41', null);
INSERT INTO `dt_article` VALUES ('53', '9', '22', '昆凌最新大片', 'kunling.jpg', '昆凌与周杰伦新婚后就马上投入了工作中，近日一组时尚大片她穿上最新一季春装，脸颊红扑扑对镜头甜笑，展露青春气息。', '昆凌与周杰伦新婚后就马上投入了工作中，近日一组时尚大片她穿上最新一季春装，脸颊红扑扑对镜头甜笑，展露青春气息。', '4', 'admin', '2018-11-23 14:31:29', null);
INSERT INTO `dt_article` VALUES ('87', '7', '43', '华为（HUAWEI）荣耀6Plus 16G双4G版', 'huaweiry.png', '荣耀6 Plus，该机型分为两款型号，分别为PE-TL10和PE-UL00的新机型，并且根据工信部设备认证中心公布的信息显示，移动版本PE-TL20和PE-TL00M也已经拿到了入网许可证，拥有7.5mm的纤薄机身，支持TDD-LTE/TD-SCDMA/GSM网络。双800万后置摄像头+800万前置摄像头。采用5.5英寸1080…', '<p>\r\n	荣耀6 Plus，该机型分为两款型号，分别为PE-TL10和PE-UL00的新机型，并且根据工信部设备认证中心公布的信息显示，移动版本PE-TL20和PE-TL00M也已经拿到了入网许可证，拥有7.5mm的纤薄机身，支持TDD-LTE/TD-SCDMA/GSM网络。双800万后置摄像头+800万前置摄像头。采用5.5英寸1080p分辨率显示屏，搭载1.8GHz麒麟925八核处理器，内置3GB RAM+32GB ROM存储组合，支持存储卡扩展。\r\n</p>\r\n<p align=\"center\">\r\n	<span style=\"color:#FF0000;font-size:16px;\"><img class=\"gomeImgLoad\" alt=\"\" src=\"http://img5.gomein.net.cn/image/bbcimg/productDesc/descImg/201503/desc04/A0004794664/3997361.jpg\" /></span> \r\n</p>', '0', 'admin', '2020-08-21 18:39:29', '366');
INSERT INTO `dt_article` VALUES ('88', '7', '43', '苹果Apple iPhone 6 Plus 16G 4G手机（联通三网版）', 'iphone6plus2.png', 'iPhone 6 Plus设计上和iPhone 6一致，做工延续了苹果的高标准。和前几代不同的是，与前几代iPhone有棱有角的设计相比，它从屏幕边缘到边框都是弧形设计，玻璃与边框贴合的十分紧凑，两者衔接的地方过度十分自然，更像是unibody一体式的设计。它一改以往的设计风格，也使得手机…', '<p>\r\n	iPhone 6 Plus设计上和iPhone 6一致，做工延续了苹果的高标准。\r\n</p>\r\n<p>\r\n	和前几代不同的是，与前几代iPhone有棱有角的设计相比，它从屏幕边缘到边框都是弧形设计，玻璃与边框贴合的十分紧凑，两者衔接的地方过度十分自然，更像是unibody一体式的设计。它一改以往的设计风格，也使得手机十分圆滑，不太容易掌控。\r\n</p>\r\n<p>\r\n	TechCrunch和Engadget都提到，iPhone 6 Plus让人想起了iPad mini，尤其是后者的侧边也是弧形设计。iPhone 6 Plus同样需要双手来操作，想要单手模式的话，轻拍两下Home键（不是按下去），显示内容会下移大约一半的尺寸。\r\n</p>\r\n<p>\r\n	<br />\r\n</p>\r\n<p align=\"center\">\r\n	<img width=\"750\" height=\"371\" class=\"gomeImgLoad\" alt=\"\" src=\"http://img5.gomein.net.cn/image/prodimg/productDesc/descImg/201503/desc1226/1122290268/1_02.jpg\" /> <img width=\"750\" height=\"371\" class=\"gomeImgLoad\" alt=\"\" src=\"http://img6.gomein.net.cn/image/prodimg/productDesc/descImg/201503/desc1226/1122290268/1_03.jpg\" /> \r\n</p>\r\n<p align=\"center\">\r\n	<img width=\"750\" height=\"370\" class=\"gomeImgLoad\" alt=\"\" src=\"http://img5.gomein.net.cn/image/prodimg/productDesc/descImg/201503/desc1226/1122290268/1_04.jpg\" /> \r\n</p>\r\n<p align=\"center\">\r\n	<img width=\"750\" height=\"371\" class=\"gomeImgLoad\" alt=\"\" src=\"http://img6.gomein.net.cn/image/prodimg/productDesc/descImg/201503/desc1226/1122290268/1_05.jpg\" /> <img width=\"750\" height=\"371\" class=\"gomeImgLoad\" alt=\"\" src=\"http://img5.gomein.net.cn/image/prodimg/productDesc/descImg/201503/desc1226/1122290268/1_06.jpg\" /> <img width=\"750\" height=\"371\" class=\"gomeImgLoad\" alt=\"\" src=\"http://img5.gomein.net.cn/image/prodimg/productDesc/descImg/201503/desc1226/1122290268/1_07.jpg\" /> <img width=\"750\" height=\"371\" class=\"gomeImgLoad\" alt=\"\" src=\"http://img5.gomein.net.cn/image/prodimg/productDesc/descImg/201503/desc1226/1122290268/1_08.jpg\" /> <img width=\"750\" height=\"371\" class=\"gomeImgLoad\" alt=\"\" src=\"http://img6.gomein.net.cn/image/prodimg/productDesc/descImg/201503/desc1226/1122290268/1_09.jpg\" /> <img width=\"750\" height=\"370\" class=\"gomeImgLoad\" alt=\"\" src=\"http://img6.gomein.net.cn/image/prodimg/productDesc/descImg/201503/desc1226/1122290268/1_10.jpg\" /> <img width=\"750\" height=\"371\" class=\"gomeImgLoad\" alt=\"\" src=\"http://img6.gomein.net.cn/image/prodimg/productDesc/descImg/201503/desc1226/1122290268/1_11.jpg\" /> <img width=\"750\" height=\"371\" class=\"gomeImgLoad\" alt=\"\" src=\"http://img5.gomein.net.cn/image/prodimg/productDesc/descImg/201503/desc1226/1122290268/1_12.jpg\" /> \r\n</p>\r\n<p align=\"center\">\r\n	<img width=\"750\" height=\"371\" class=\"gomeImgLoad\" alt=\"\" src=\"http://img5.gomein.net.cn/image/prodimg/productDesc/descImg/201503/desc1226/1122290268/1_13.jpg\" /> \r\n</p>', '0', 'admin', '2020-08-21 18:39:25', '34');
INSERT INTO `dt_article` VALUES ('89', '7', '43', '小米（Mi）小米Note 16G双网通版', 'xiaomi8.png', '小米Note此次采用的5.7英寸夏普/JDI分辨率为1920X1080的屏幕。小米Note配置方面，CPU采用的是高通骁龙801四核2.5GHZ处理器，3GB的运行内存。4G双卡双待，1300万像素后置摄像头和400万前置摄像头组合，首次加入HiFi模块，高保真音质，电池容量为3000mAh。小米Note顶配版升级了C…', '<p>\r\n	小米Note此次采用的5.7英寸夏普/JDI分辨率为1920X1080的屏幕。小米Note配置方面，CPU采用的是高通骁龙801四核2.5GHZ处理器，3GB的运行内存。\r\n</p>\r\n<p>\r\n	4G双卡双待，1300万像素后置摄像头和400万前置摄像头组合，首次加入HiFi模块，高保真音质，电池容量为3000mAh。\r\n</p>\r\n<p>\r\n	小米Note顶配版升级了CPU、屏幕、运行内存，采用的5.7英寸夏普/JDI分辨率为2560 x 1440的2K屏，CPU采用的是高通骁龙810八核64位处理器，4GB的运行内存。\r\n</p>\r\n<p align=\"center\">\r\n	<img class=\"gomeImgLoad\" alt=\"\" src=\"http://img5.gomein.net.cn/image/bbcimg/productDesc/descImg/201501/desc04/A0005143105/3851475.jpg\" /> \r\n</p>', '4', 'admin', '2020-08-21 18:39:49', '6712');
INSERT INTO `dt_article` VALUES ('90', '7', '44', '佳能（Canon） EOS 700D 单反套机', 'jianeng.png', '◆ 佳能普及型单反新旗舰记忆的片段，偶然的相遇，铭记那一刻的感动。想记录美丽的夜景，想留下鲜艳的色彩，更想捕捉决定性的瞬间。能够满足这些的相机就是EOS 700D。拓展拍摄自由度的触摸操作和可旋转液晶监视器，激发拍摄灵感的丰富创意功能，趁手的坚实机身中融入了令人惊叹…', '<p align=\"center\">\r\n	<img width=\"670\" height=\"460\" class=\"gomeImgLoad\" src=\"http://img6.gomein.net.cn/image/prodimg/productDesc/descImg/201501/desc860/1109920025/0.jpg\" /> \r\n</p>\r\n<p>\r\n	<strong>◆ 佳能普及型单反新旗舰</strong><br />\r\n记忆的片段，偶然的相遇，铭记那一刻的感动。想记录美丽的夜景，想留下鲜艳的色彩，更想捕捉决定性的瞬间。能够满足这些的相机就是EOS 700D。拓展拍摄自由度的触摸操作和可旋转液晶监视器，激发拍摄灵感的丰富创意功能，趁手的坚实机身中融入了令人惊叹的先进功能。佳能与你一同分享拥有数码单反相机的喜悦。\r\n</p>\r\n<table width=\"100%\" class=\"ke-zeroborder\" border=\"0\" cellspacing=\"0\" cellpadding=\"0\">\r\n	<tbody>\r\n		<tr>\r\n			<td>\r\n				<table width=\"100%\" class=\"ke-zeroborder\" border=\"0\" cellspacing=\"0\" cellpadding=\"0\">\r\n					<tbody>\r\n						<tr>\r\n							<td>\r\n								&nbsp;\r\n							</td>\r\n						</tr>\r\n						<tr>\r\n							<td class=\"heise14\">\r\n								<strong>◆ 高反应性 — 卓越的自动对焦性能和高速连拍</strong><br />\r\n无论被摄体的种类和状态如何，瞬间捕捉快门时机是EOS 700D的强项。全9点十字型高精度自动对焦感应器和Hybrid CMOS AF是拓展多种拍摄方式的坚实后盾。在取景器拍摄和实时显示拍摄时都能精确捕捉被摄体。另外，最高约5张/秒的高速连拍可连续记录被摄体的动作，不会错过拍摄时机。\r\n							</td>\r\n						</tr>\r\n						<tr>\r\n							<td>\r\n								&nbsp;\r\n							</td>\r\n						</tr>\r\n					</tbody>\r\n				</table>\r\n			</td>\r\n		</tr>\r\n		<tr>\r\n			<td>\r\n				&nbsp;\r\n			</td>\r\n		</tr>\r\n		\r\n</p>', '1', 'admin', '2020-08-27 11:14:23', '23');
INSERT INTO `dt_article` VALUES ('91', '7', '44', '尼康(Nikon)D3300套机（18-55mm f/3.5-5.6G VRII）（黑色）', 'nikang.png', '作为D3200的升级版，尼康D3300最大特点即是无低通的设置，整体配置却与D5300十分相似。搭载2416万像素无低通滤镜传感器，以及EXPEED 4图像处理器，在入门级单反中比较抢眼。最高感光度达到至ISO 25600，最高连拍速度5fps，11点对焦系统，可录制1080/60p全高清视频。外观方面，…', '<p>\r\n	作为D3200的升级版，尼康D3300最大特点即是无低通的设置，整体配置却与D5300十分相似。搭载2416万像素无低通滤镜传感器，以及EXPEED 4图像处理器，在入门级单反中比较抢眼。最高感光度达到至ISO 25600，最高连拍速度5fps，11点对焦系统，可录制1080/60p全高清视频。\r\n</p>\r\n<p>\r\n	外观方面，尼康D3300与D3200区别不大，依然以“圆润”化设计思路为主线，相机更加的柔和，时尚化。机身背面配有3英寸92万像素液晶屏，可进行亮度调节。除此D3300整体握持手感可以说是近年来小型单反中做得最好的，无论是手柄的深度，蒙皮的覆盖位置都可以说是刚刚好。而黑色，灰色以及红色的外观，更增加了可选性。\r\n</p>\r\n<table width=\"750\" class=\"ke-zeroborder\" border=\"0\" cellspacing=\"0\" cellpadding=\"0\">\r\n	<tbody>\r\n		<tr>\r\n			<td>\r\n				<img width=\"750\" height=\"199\" class=\"gomeImgLoad\" alt=\"\" src=\"http://img6.gomein.net.cn/image/prodimg/productDesc/descImg/201410/desc7815/9129260228/1_21.jpg\" /> \r\n			</td>\r\n		</tr>\r\n		<tr>\r\n			<td>\r\n				<img width=\"750\" height=\"199\" class=\"gomeImgLoad\" alt=\"\" src=\"http://img6.gomein.net.cn/image/prodimg/productDesc/descImg/201410/desc7815/9129260228/1_22.jpg\" /> \r\n			</td>\r\n		</tr>\r\n		<tr>\r\n			<td>\r\n				<img width=\"750\" height=\"200\" class=\"gomeImgLoad\" alt=\"\" src=\"http://img6.gomein.net.cn/image/prodimg/productDesc/descImg/201410/desc7815/9129260228/1_23.jpg\" /> \r\n			</td>\r\n		</tr>\r\n		<tr>\r\n			<td>\r\n				<img width=\"750\" height=\"199\" class=\"gomeImgLoad\" alt=\"\" src=\"http://img6.gomein.net.cn/image/prodimg/productDesc/descImg/201410/desc7815/9129260228/1_24.jpg\" /> \r\n			</td>\r\n		</tr>\r\n		<tr>\r\n			<td>\r\n				<img width=\"750\" height=\"199\" class=\"gomeImgLoad\" alt=\"\" src=\"http://img5.gomein.net.cn/image/prodimg/productDesc/descImg/201410/desc7815/9129260228/1_25.jpg\" /> \r\n			</td>\r\n		</tr>\r\n		<tr>\r\n			<td>\r\n				<img width=\"750\" height=\"200\" class=\"gomeImgLoad\" alt=\"\" src=\"http://img6.gomein.net.cn/image/prodimg/productDesc/descImg/201410/desc7815/9129260228/1_26.jpg\" /> \r\n			</td>\r\n		</tr>\r\n		<tr>\r\n			<td>\r\n				<img width=\"750\" height=\"199\" class=\"gomeImgLoad\" alt=\"\" src=\"http://img5.gomein.net.cn/image/prodimg/productDesc/descImg/201410/desc7815/9129260228/1_27.jpg\" /> \r\n			</td>\r\n		</tr>\r\n		<tr>\r\n			<td>\r\n				<img width=\"750\" height=\"200\" class=\"gomeImgLoad\" alt=\"\" src=\"http://img6.gomein.net.cn/image/prodimg/productDesc/descImg/201410/desc7815/9129260228/1_28.jpg\" /> \r\n			</td>\r\n		</tr>\r\n		<tr>\r\n			<td>\r\n				<img width=\"750\" height=\"199\" class=\"gomeImgLoad\" alt=\"\" src=\"http://img6.gomein.net.cn/image/prodimg/productDesc/descImg/201410/desc7815/9129260228/1_29.jpg\" /> \r\n			</td>\r\n		</tr>\r\n		<tr>\r\n			<td>\r\n				<img width=\"750\" height=\"199\" class=\"gomeImgLoad\" alt=\"\" src=\"http://img5.gomein.net.cn/image/prodimg/productDesc/descImg/201410/desc7815/9129260228/1_30.jpg\" /> \r\n			</td>\r\n		</tr>\r\n		<tr>\r\n			<td>\r\n				<img width=\"750\" height=\"200\" class=\"gomeImgLoad\" alt=\"\" src=\"http://img5.gomein.net.cn/image/prodimg/productDesc/descImg/201410/desc7815/9129260228/1_31.jpg\" /> \r\n			</td>\r\n		</tr>\r\n		<tr>\r\n			<td>\r\n				<img width=\"750\" height=\"199\" class=\"gomeImgLoad\" alt=\"\" src=\"http://img5.gomein.net.cn/image/prodimg/productDesc/descImg/201410/desc7815/9129260228/1_32.jpg\" /> \r\n			</td>\r\n		</tr>\r\n		<tr>\r\n			<td>\r\n				<img width=\"750\" height=\"199\" class=\"gomeImgLoad\" alt=\"\" src=\"http://img6.gomein.net.cn/image/prodimg/productDesc/descImg/201410/desc7815/9129260228/1_33.jpg\" /> \r\n			</td>\r\n		</tr>\r\n		<tr>\r\n			<td>\r\n				<img width=\"750\" height=\"200\" class=\"gomeImgLoad\" alt=\"\" src=\"http://img5.gomein.net.cn/image/prodimg/productDesc/descImg/201410/desc7815/9129260228/1_34.jpg\" /> \r\n			</td>\r\n		</tr>\r\n		<tr>\r\n			<td>\r\n				<img width=\"750\" height=\"199\" class=\"gomeImgLoad\" alt=\"\" src=\"http://img5.gomein.net.cn/image/prodimg/productDesc/descImg/201410/desc7815/9129260228/1_35.jpg\" /> \r\n			</td>\r\n		</tr>\r\n		<tr>\r\n			<td>\r\n				<img width=\"750\" height=\"200\" class=\"gomeImgLoad\" alt=\"\" src=\"http://img5.gomein.net.cn/image/prodimg/productDesc/descImg/201410/desc7815/9129260228/1_36.jpg\" /> \r\n			</td>\r\n		</tr>\r\n		<tr>\r\n			<td>\r\n				<img width=\"750\" height=\"199\" class=\"gomeImgLoad\" alt=\"\" src=\"http://img6.gomein.net.cn/image/prodimg/productDesc/descImg/201410/desc7815/9129260228/1_37.jpg\" /> \r\n			</td>\r\n		</tr>\r\n		<tr>\r\n			<td>\r\n				<img width=\"750\" height=\"199\" class=\"gomeImgLoad\" alt=\"\" src=\"http://img5.gomein.net.cn/image/prodimg/productDesc/descImg/201410/desc7815/9129260228/1_38.jpg\" /> \r\n			</td>\r\n		</tr>\r\n		<tr>\r\n			<td>\r\n				<img width=\"750\" height=\"200\" class=\"gomeImgLoad\" alt=\"\" src=\"http://img6.gomein.net.cn/image/prodimg/productDesc/descImg/201410/desc7815/9129260228/1_39.jpg\" /> \r\n			</td>\r\n		</tr>\r\n		<tr>\r\n			<td>\r\n				<img width=\"750\" height=\"199\" class=\"gomeImgLoad\" alt=\"\" src=\"http://img5.gomein.net.cn/image/prodimg/productDesc/descImg/201410/desc7815/9129260228/1_40.jpg\" /> \r\n			</td>\r\n		</tr>\r\n		<tr>\r\n			<td>\r\n				<img width=\"750\" height=\"199\" class=\"gomeImgLoad\" alt=\"\" src=\"http://img5.gomein.net.cn/image/prodimg/productDesc/descImg/201410/desc7815/9129260228/1_41.jpg\" /> \r\n			</td>\r\n		</tr>\r\n		<tr>\r\n			<td>\r\n				<img width=\"750\" height=\"200\" class=\"gomeImgLoad\" alt=\"\" src=\"http://img6.gomein.net.cn/image/prodimg/productDesc/descImg/201410/desc7815/9129260228/1_42.jpg\" /> \r\n			</td>\r\n		</tr>\r\n		<tr>\r\n			<td>\r\n				<img width=\"750\" height=\"199\" class=\"gomeImgLoad\" alt=\"\" src=\"http://img6.gomein.net.cn/image/prodimg/productDesc/descImg/201410/desc7815/9129260228/1_43.jpg\" /> \r\n			</td>\r\n		</tr>\r\n		<tr>\r\n			<td>\r\n				<img width=\"750\" height=\"200\" class=\"gomeImgLoad\" alt=\"\" src=\"http://img6.gomein.net.cn/image/prodimg/productDesc/descImg/201410/desc7815/9129260228/1_44.jpg\" /> \r\n			</td>\r\n		</tr>\r\n		<tr>\r\n			<td>\r\n				<img width=\"750\" height=\"199\" class=\"gomeImgLoad\" alt=\"\" src=\"http://img5.gomein.net.cn/image/prodimg/productDesc/descImg/201410/desc7815/9129260228/1_45.jpg\" /> \r\n			</td>\r\n		</tr>\r\n		<tr>\r\n			<td>\r\n				<img width=\"750\" height=\"199\" class=\"gomeImgLoad\" alt=\"\" src=\"http://img5.gomein.net.cn/image/prodimg/productDesc/descImg/201410/desc7815/9129260228/1_46.jpg\" /> \r\n			</td>\r\n		</tr>\r\n		<tr>\r\n			<td>\r\n				<img width=\"750\" height=\"200\" class=\"gomeImgLoad\" alt=\"\" src=\"http://img6.gomein.net.cn/image/prodimg/productDesc/descImg/201410/desc7815/9129260228/1_47.jpg\" /> \r\n			</td>\r\n		</tr>\r\n		<tr>\r\n			<td>\r\n			</td>\r\n		</tr>\r\n	</tbody>\r\n</table>', '0', 'admin', '2020-08-21 18:39:52', '6455');
INSERT INTO `dt_article` VALUES ('92', '7', '46', '联想（Lenovo） G510AM 15.6英寸笔记本电脑', 'lianxiang.png', 'G系列全面支持Windows 8 简体中文版，在秉承了坚实耐用、稳定可靠的产品指纹的同时，金属版本全金属C面令笔记本更加安全可靠。搭载独立显卡在游戏和多媒体方面较上一代显卡最高可实现两倍性能提升，提供更加强大的笔记本体验。杜比环绕立体声音效，轻松拥有影院级高品质享受；…', '<p>\r\n	G系列全面支持Windows 8 简体中文版，在秉承了坚实耐用、稳定可靠的产品指纹的同时，金属版本全金属C面令笔记本更加安全可靠。搭载独立显卡在游戏和多媒体方面较上一代显卡最高可实现两倍性能提升，提供更加强大的笔记本体验。杜比环绕立体声音效，轻松拥有影院级高品质享受；更可以通过HDMI接口连接3D电视，实现坐拥私家3D影院的梦想！\r\n</p>\r\n<p>\r\n	Windows 8 中文版操作系统（限部分机型标配），紧跟潮流CPU全面升级，四核普及风暴：搭载第四代智能英特尔Haswell酷睿处理器，最高至i7四核处理器，极致性能一本无忧显卡换代，火爆升级：显卡切换至新一代AMD Radeon HD8570 2G DDR3独立显存，最高可至AMD Radeon HD87504GDDR3独立显存；性能较上代提升超过100%，为客户带来酣畅使用体验。\r\n</p>\r\n<table width=\"749\" border=\"0\" cellspacing=\"0\" cellpadding=\"0\">\r\n	<tbody>\r\n		<tr>\r\n			<td>\r\n				<img width=\"749\" height=\"200\" class=\"gomeImgLoad\" alt=\"\" src=\"http://img5.gomein.net.cn/image/prodimg/productDesc/descImg/201410/desc7730/9133093178/9131870369_02.jpg\" />\r\n			</td>\r\n		</tr>\r\n		<tr>\r\n			<td>\r\n				<img width=\"749\" height=\"201\" class=\"gomeImgLoad\" alt=\"\" src=\"http://img5.gomein.net.cn/image/prodimg/productDesc/descImg/201410/desc7730/9133093178/9131870369_03.jpg\" />\r\n			</td>\r\n		</tr>\r\n		<tr>\r\n			<td>\r\n				<img width=\"749\" height=\"201\" class=\"gomeImgLoad\" alt=\"\" src=\"http://img5.gomein.net.cn/image/prodimg/productDesc/descImg/201410/desc7730/9133093178/9131870369_04.jpg\" />\r\n			</td>\r\n		</tr>\r\n		<tr>\r\n			<td>\r\n				<img width=\"749\" height=\"200\" class=\"gomeImgLoad\" alt=\"\" src=\"http://img6.gomein.net.cn/image/prodimg/productDesc/descImg/201410/desc7730/9133093178/9131870369_05.jpg\" />\r\n			</td>\r\n		</tr>\r\n		<tr>\r\n			<td>\r\n				<img width=\"749\" height=\"201\" class=\"gomeImgLoad\" alt=\"\" src=\"http://img6.gomein.net.cn/image/prodimg/productDesc/descImg/201410/desc7730/9133093178/9131870369_06.jpg\" />\r\n			</td>\r\n		</tr>\r\n		<tr>\r\n			<td>\r\n				<img width=\"749\" height=\"201\" class=\"gomeImgLoad\" alt=\"\" src=\"http://img5.gomein.net.cn/image/prodimg/productDesc/descImg/201410/desc7730/9133093178/9131870369_07.jpg\" />\r\n			</td>\r\n		</tr>\r\n		<tr>\r\n			<td>\r\n				<img width=\"749\" height=\"200\" class=\"gomeImgLoad\" alt=\"\" src=\"http://img6.gomein.net.cn/image/prodimg/productDesc/descImg/201410/desc7730/9133093178/9131870369_08.jpg\" />\r\n			</td>\r\n		</tr>\r\n		<tr>\r\n			<td>\r\n				<img width=\"749\" height=\"201\" class=\"gomeImgLoad\" alt=\"\" src=\"http://img6.gomein.net.cn/image/prodimg/productDesc/descImg/201410/desc7730/9133093178/9131870369_09.jpg\" />\r\n			</td>\r\n		</tr>\r\n		<tr>\r\n			<td>\r\n				<img width=\"749\" height=\"200\" class=\"gomeImgLoad\" alt=\"\" src=\"http://img6.gomein.net.cn/image/prodimg/productDesc/descImg/201410/desc7730/9133093178/9131870369_10.jpg\" />\r\n			</td>\r\n		</tr>\r\n		<tr>\r\n			<td>\r\n				<img width=\"749\" height=\"201\" class=\"gomeImgLoad\" alt=\"\" src=\"http://img5.gomein.net.cn/image/prodimg/productDesc/descImg/201410/desc7730/9133093178/9131870369_11.jpg\" />\r\n			</td>\r\n		</tr>\r\n		<tr>\r\n			<td>\r\n				<img width=\"749\" height=\"201\" class=\"gomeImgLoad\" alt=\"\" src=\"http://img6.gomein.net.cn/image/prodimg/productDesc/descImg/201410/desc7730/9133093178/9131870369_12.jpg\" />\r\n			</td>\r\n		</tr>\r\n		<tr>\r\n			<td>\r\n				<img width=\"749\" height=\"200\" class=\"gomeImgLoad\" alt=\"\" src=\"http://img6.gomein.net.cn/image/prodimg/productDesc/descImg/201410/desc7730/9133093178/9131870369_13.jpg\" />\r\n			</td>\r\n		</tr>\r\n		<tr>\r\n			<td>\r\n				<img width=\"749\" height=\"201\" class=\"gomeImgLoad\" alt=\"\" src=\"http://img6.gomein.net.cn/image/prodimg/productDesc/descImg/201410/desc7730/9133093178/9131870369_14.jpg\" />\r\n			</td>\r\n		</tr>\r\n	</tbody>\r\n</table>\r\n<!-- End Save for Web Slices -->\r\n<div id=\"adbottom\">\r\n	<div style=\"text-align:center;\">\r\n		<a href=\"http://prom.gome.com.cn/html/prodhtml/topics/201501/jiaanbao.html\"></a>\r\n	</div>\r\n</div>', '0', 'admin', '2020-08-21 18:39:56', '200');
INSERT INTO `dt_article` VALUES ('93', '7', '46', 'Apple iMac MF883CH/A 21.5英寸一体机电脑', 'yitiji.png', '—— iMac —— 锋锐设计，锋芒表现。iMac 拥有亮丽的宽显示屏、强劲的 Intel 处理器、超快的图形处理器和其他先进功能，而一切精彩都集于超乎想象的锋锐外壳中，边缘处仅有 5 毫米。 ● 绚丽夺目的设计● 绚美的宽显示屏● 全线配备 Intel Core i5 处理器● 强大的图形处理器…', '—— iMac —— <br />\r\n锋锐设计，锋芒表现。<br />\r\niMac 拥有亮丽的宽显示屏、强劲的 Intel 处理器、超快的图形处理器和其他先进功能，而一切精彩都集于超乎想象的锋锐外壳中，边缘处仅有 5 毫米。 <br />\r\n● 绚丽夺目的设计<br />\r\n● 绚美的宽显示屏<br />\r\n● 全线配备 Intel Core i5 处理器<br />\r\n● 强大的图形处理器<br />\r\n● 高速 I/O 传输技术，包括两个 Thunderbolt 端口、四个 USB 3 端口等<br />\r\n● FaceTime HD 高清摄像头<br />\r\n● Apple Wireless Keyboard<br />\r\n● Apple Magic Mouse<br />\r\n● 一系列激发创意和提升效率的强大 app<br />\r\n● OS X Mavericks，了不起的先进操作系统 <br />\r\n&nbsp; <br />\r\n—— Apple Wireless Keyboard —— <br />\r\nApple Wireless Keyboard 拥有难以置信的超薄流线型设计，让你能在你的桌上、膝上或任意有效范围之内尽情输入。不管你把它放在哪里，它只需极小的空间即可容身。 <br />\r\n&nbsp; <br />\r\n—— Apple Magic Mouse —— <br />\r\nMagic Mouse 不同于你以往用过的其他鼠标。Multi-Touch 表面让你可以使用手势轻扫翻看照片，滚动浏览网页。整个鼠标就是一个按钮，任你随处点击。 <br />\r\n&nbsp; <br />\r\n—— Apple Magic Trackpad —— <br />\r\n和 Apple Wireless Keyboard 可以对齐摆放。你可以使用内置于 OS X Mavericks 的所有 Multi-Touch 手势，来轻松掌控，和屏幕进行互动。轻扫浏览照片，上下滚读网页，并可随处点击。 <br />\r\n&nbsp; <br />\r\n—— Apple USB SuperDrive 光驱 —— <br />\r\n紧凑轻便的 Apple USB SuperDrive 光驱仅需一条 USB 线缆就能接入你的 iMac、配备 Retina 显示屏的 MacBook Pro、MacBook Air 或 Mac mini 连接，并且可以轻松纳入你的旅行包。有了它，你可以安装软件，播放及刻录 CD 和 DVD（包括双层 DVD）。 <br />\r\n&nbsp; <br />\r\n—— AirPort Extreme —— <br />\r\n简单易用的 AirPort Extreme 基站拥有新一代 802.11ac Wi-Fi 技术，能为家庭、学校和公司提供理想的无线接入点1。它具备同步双频支持，为 Mac 电脑、PC，以及 iPhone、iPad 和 iPod touch 等设备带来高性能的无线网络连接2。<br />\r\n1、AirPort Extreme 基于 IEEE 802.11ac 规范草案。性能数据基于与 Apple 的 802.11n 产品所做的比较。<br />\r\n2、接入无线互联网要求使用互联网账号；可能需要付费。 <br />\r\n&nbsp; <br />\r\n—— AirPort Time Capsule —— <br />\r\nAirPort Time Capsule 这款无线硬盘能与 OS X 中的 Time Machine 无缝配合，为你备份生活中难忘的美好回忆。它还是一款全功能的 Wi-Fi 基站，具备新一代 802.11ac 技术与同步双频支持*。<br />\r\n* AirPort Time Capsule 基于 IEEE 802.11ac 规范草案。性能数据基于与 Apple 的 802.11n 产品所做的比较。接入无线互联网要求使用互联网账号；可能需要付费。<br />\r\n&nbsp;适用于 Mac 的AppleCare Protection Plan 全方位服务计划可提供长达 3 年的专家电话技术支持，以及来自Apple 的额外硬件服务选项1。 <br />\r\n&nbsp; <br />\r\n当你购买了AppleCare Protection Plan 全方位服务计划，只需一通电话即可帮你解答各式各样的问题2，包括 iLife 和 iWork 等产品的使用方法问题。你甚至还可以在访问世界其他国家或地区时，在当地获取维修服务。 <br />\r\n&nbsp; <br />\r\n中国的消费者权益保护法包括\"三包\"规定，赋予了消费者自购机之日起 2 年的主要部件质量问题保修服务。在浙江省，消费者权益保护法赋予了消费者自购买之日起 3 年的台式电脑质量问题保修服务。在此基础之上，大多数 Apple 产品也附带 90 天的免费电话技术支持，以及来自 Apple 的 1 年有限保修服务。 <br />', '0', '小汪', '2020-08-27 10:50:59', '699');
INSERT INTO `dt_article` VALUES ('94', '7', '47', '金士顿（Kingston） DataTraveler SE9 32GB 金属U盘', 'jinshidun.png', '品名：金士顿颜色：银色容量：32GB USB2.0尺寸：1.535＂0.486＂0.179＂（39.00mm12.35mm4.55mm）携带方便：小巧的无盖帽设计袖珍型，携带方便质量保证：5年保固，免费技术支持工作温度：32℉到140℉（0℃到60℃）保存温度：-4℉到185℉（-20℃到85℃）', '<p>\r\n	<span class=\"yhbb\">品名：</span>金士顿<br />\r\n<span class=\"yhbb\">颜色：</span>银色<br />\r\n<span class=\"yhbb\">容量：</span>32GB USB2.0<br />\r\n<span class=\"yhbb\">尺寸：</span>1.535＂×0.486＂×0.179＂<br />\r\n（39.00mm×12.35mm×4.55mm）<br />\r\n<span class=\"yhbb\">携带方便：</span>小巧的无盖帽设计袖珍型，携带方便<br />\r\n<span class=\"yhbb\">质量保证：</span>5年保固，免费技术支持<br />\r\n<span class=\"yhbb\">工作温度：</span>32℉到140℉（0℃到60℃）<br />\r\n<span class=\"yhbb\">保存温度：</span>-4℉到185℉（-20℃到85℃）\r\n</p>\r\n<table width=\"750\" class=\"dingwei\" border=\"0\" cellspacing=\"0\" cellpadding=\"0\">\r\n	<tbody>\r\n		<tr>\r\n			<td>\r\n				<img width=\"750\" height=\"198\" class=\"gomeImgLoad\" alt=\"\" src=\"http://img6.gomein.net.cn/image/prodimg/productDesc/descImg/201410/desc7907/9132573660/1_06.jpg\" />\r\n			</td>\r\n		</tr>\r\n		<tr>\r\n			<td>\r\n				<img width=\"750\" height=\"199\" class=\"gomeImgLoad\" alt=\"\" src=\"http://img5.gomein.net.cn/image/prodimg/productDesc/descImg/201410/desc7907/9132573660/1_07.jpg\" />\r\n			</td>\r\n		</tr>\r\n		<tr>\r\n			<td>\r\n				<img width=\"750\" height=\"198\" class=\"gomeImgLoad\" alt=\"\" src=\"http://img6.gomein.net.cn/image/prodimg/productDesc/descImg/201410/desc7907/9132573660/1_08.jpg\" />\r\n			</td>\r\n		</tr>\r\n		<tr>\r\n			<td>\r\n				<img width=\"750\" height=\"198\" class=\"gomeImgLoad\" alt=\"\" src=\"http://img6.gomein.net.cn/image/prodimg/productDesc/descImg/201410/desc7907/9132573660/1_09.jpg\" />\r\n			</td>\r\n		</tr>\r\n		<tr>\r\n			<td>\r\n				<img width=\"750\" height=\"199\" class=\"gomeImgLoad\" alt=\"\" src=\"http://img5.gomein.net.cn/image/prodimg/productDesc/descImg/201410/desc7907/9132573660/1_10.jpg\" />\r\n			</td>\r\n		</tr>\r\n		<tr>\r\n			<td>\r\n				<img width=\"750\" height=\"198\" class=\"gomeImgLoad\" alt=\"\" src=\"http://img6.gomein.net.cn/image/prodimg/productDesc/descImg/201410/desc7907/9132573660/1_11.jpg\" />\r\n			</td>\r\n		</tr>\r\n		<tr>\r\n			<td>\r\n				<img width=\"750\" height=\"199\" class=\"gomeImgLoad\" alt=\"\" src=\"http://img6.gomein.net.cn/image/prodimg/productDesc/descImg/201410/desc7907/9132573660/1_12.jpg\" />\r\n			</td>\r\n		</tr>\r\n		<tr>\r\n			<td>\r\n				<img width=\"750\" height=\"198\" class=\"gomeImgLoad\" alt=\"\" src=\"http://img6.gomein.net.cn/image/prodimg/productDesc/descImg/201410/desc7907/9132573660/1_13.jpg\" />\r\n			</td>\r\n		</tr>\r\n		<tr>\r\n			<td>\r\n				<img width=\"750\" height=\"198\" class=\"gomeImgLoad\" alt=\"\" src=\"http://img6.gomein.net.cn/image/prodimg/productDesc/descImg/201410/desc7907/9132573660/1_14.jpg\" />\r\n			</td>\r\n		</tr>\r\n		<tr>\r\n			<td>\r\n				<img width=\"750\" height=\"199\" class=\"gomeImgLoad\" alt=\"\" src=\"http://img6.gomein.net.cn/image/prodimg/productDesc/descImg/201410/desc7907/9132573660/1_15.jpg\" />\r\n			</td>\r\n		</tr>\r\n	</tbody>\r\n</table>', '0', 'admin', '2020-08-21 18:40:06', '988');
INSERT INTO `dt_article` VALUES ('95', '7', '48', '惠普（HP）LaserJet 2035商用黑白激光打印机（黑色）', 'dayinji.png', '全新hp laserjet p2035系列激光打印机既可令您尽享卓越的打印体验，又可提高办公生产率。此款打印机外形精巧、简单易用，且具备多种强大功能，以全力打造高端惠普激光打印体验。此外，它还可快速轻松输出专业办公文档，因此特别适用于中小型企业和大型企业环境内的小型工作组和…', '<p>\n尽享高达30 ppm (letter/a4)的快捷打印速度。<br />\n·采用惠普0秒预热技术，节能模式下仅8秒即可快速输出首页。<br />\n·10/100以太网/快速以太网联网功能可确保轻松共享打印资源。<br />\n·使用usb或并行端口，轻松连接打印机与计算机。<br />\n·250页进纸盒和50页多用途纸盒，减少纸张输入次数。<br />\n·266 mhz处理器和16 mb内存可确保快速处理复杂文件\n</p>', '0', '小李', '2020-08-27 10:50:27', '54534');
INSERT INTO `dt_article` VALUES ('96', '7', '48', '惠普(HP) Officejet Pro 8610商用彩色喷墨一体机', 'pengmo.png', '专业彩色打印件的单页成本比激光打印机低 50%，从而在日常打印中节省更多打印成本。无论您身在何处，均可通过任意移动设备进行打印。 借助惠普“云打印”技术，您现在可以随时随地，随心打印。使用智能复印解决方案，创建完美无瑕的副本，同时轻松打印双面身份证。专业彩色打印…', '<p>\r\n	专业彩色打印件的单页成本比激光打印机低 50%，从而在日常打印中节省更多打印成本。\r\n</p>\r\n<p>\r\n	无论您身在何处，均可通过任意移动设备进行打印。 借助惠普“云打印”技术，您现在可以随时随地，随心打印。\r\n</p>\r\n<p>\r\n	使用智能复印解决方案，创建完美无瑕的副本，同时轻松打印双面身份证。\r\n</p>\r\n<p>\r\n	专业彩色打印成本低于激光打印机，而且生产率高，可大幅推动业务发展。\r\n</p>\r\n<p>\r\n	适用墨盒：HP 950XL 黑色/青色/品红/黄色超大容量墨盒 CN045AA/CN046AA/CN047AA/CN048AA\r\n</p>\r\n<p align=\"center\">\r\n	&nbsp;<img alt=\"WW-CNPublicStore:/Product/RichContent/IPG/CM750A-Pro-8600-20120704-ver1.jpg\" src=\"http://shopping1.hp.com/is-bin/intershop.static/WFS/WW-CNPublicStore-Site/WW-CNPublicStore/zh_CN/Product/RichContent/IPG/CM750A-Pro-8600-20120704-ver1.jpg\" border=\"0\" /> \r\n</p>', '0', 'admin', '2020-08-21 18:40:10', '5435');
INSERT INTO `dt_article` VALUES ('97', '7', '49', '三星（SAMSUNG）UA40HU5920JXXZ 40英寸4K超高清', 'yingcun.png', '三星（SAMSUNG）UA40HU5920JXXZ 40英寸4K超高清 智能 四核处理器 平板液晶电视（黑色） UHDTV【智能彩电节】4K网络智能！欢迎比价后购买！此商品为爆款，不参加满减活动！数量有限，先抢先得！智能彩电节，点击抢购', '<p>\n三星（SAMSUNG）UA40HU5920JXXZ 40英寸4K超高清 智能 四核处理器 平板液晶电视（黑色） UHDTV【智能彩电节】4K网络智能！欢迎比价后购买！此商品为爆款，不参绍</p>', '0', 'admin', '2020-08-27 10:47:32', '2434');
INSERT INTO `dt_article` VALUES ('98', '7', '50', '奔腾（BNTN） 380功放+纽约至尊 套装家庭影院', 'benteng.png', '奔腾（BNTN） 380功放+纽约至尊 套装家庭影院送美诗特TA20无线话筒1套+自拍神器杆！ DTS解码数字功放 HDMI、光纤、同轴多组输入输出 USB、蓝牙播放功能', '<p>\n奔腾（BNTN） 380功放+纽约至尊 套装家庭影院送美诗特TA20无线话筒1套+自拍神器杆！ DTS解码数字功放 HDMI、光纤、同轴多组输入输出 USB、蓝牙播放功能\n</p>', '0', 'admin', '2020-08-27 11:21:26', '345');
INSERT INTO `dt_article` VALUES ('99', '7', '51', '飞利浦（PHILIPS）DVP3690 全高清DVD影碟机播放器', 'feilipu.png', '2D电影系列在家中体验3D电影带来的刺激感，采用最新数字技术来分析2D视频内容，利用智能转码芯片点对点转换，从而将前台和后台之间的对象加以区分。这一细节可生成深度图，将普通2D视频格式转换为激动人心的3D。再配合兼容3D的电视，让您观看效果更好不晃眼，即可享受高清3D体…', '\r\n<p>\r\n	<span style=\"font-family:Microsoft YaHei;font-size:14px;\">锐利清晰的影像，逼真的画质带给您极佳的影音娱乐体验</span>\r\n</p>\r\n\r\n<p>\r\n	<div style=\"text-align:left;\">\r\n		<span style=\"color:#333300;font-family:&quot;Microsoft YaHei&quot;;font-size:24px;\">超清画质呈现，还原真实的视觉盛宴</span>\r\n	</div>\r\n	\r\n	<p>\r\n		<span style=\"color:#996633;font-family:Microsoft YaHei;font-size:24px;\"><strong>液晶电视最佳伴侣送给最爱的人给他最真的感动</strong></span>\r\n	</p>\r\n	', '0', 'admin', '2020-08-27 10:33:05', '12');
INSERT INTO `dt_article` VALUES ('100', '7', '51', '加湿器卧室轻音 5L大容量 家用办公室宿舍 香薰空气加湿 JSQ-A50U1', 'huoweinier.png', '小熊（Bear）加湿器卧室轻音 5L大容量 家用办公室宿舍 香薰空气加湿 JSQ-A50U1', '<table width=\"750\" border=\"0\" cellspacing=\"0\" cellpadding=\"0\">\r\n	<tbody>\r\n		<tr>\r\n			<td>\r\n				<img width=\"750\" height=\"165\" class=\"gomeImgLoad\" alt=\"\" src=\"http://img5.gomein.net.cn/image/prodimg/productDesc/descImg/201404/desc6284/9123820115/1_20.jpg\" />\r\n			</td>\r\n		</tr>\r\n		<tr>\r\n			<td>\r\n				<img width=\"750\" height=\"166\" class=\"gomeImgLoad\" alt=\"\" src=\"http://img5.gomein.net.cn/image/prodimg/productDesc/descImg/201404/desc6284/9123820115/1_21.jpg\" />\r\n			</td>\r\n		</tr>\r\n		<tr>\r\n			<td>\r\n				<img width=\"750\" height=\"166\" class=\"gomeImgLoad\" alt=\"\" src=\"http://img5.gomein.net.cn/image/prodimg/productDesc/descImg/201404/desc6284/9123820115/1_22.jpg\" />\r\n			</td>\r\n		</tr>\r\n		<tr>\r\n			<td>\r\n				<img width=\"750\" height=\"165\" class=\"gomeImgLoad\" alt=\"\" src=\"http://img5.gomein.net.cn/image/prodimg/productDesc/descImg/201404/desc6284/9123820115/1_23.jpg\" />\r\n			</td>\r\n		</tr>\r\n		<tr>\r\n			<td>\r\n				<img width=\"750\" height=\"166\" class=\"gomeImgLoad\" alt=\"\" src=\"http://img5.gomein.net.cn/image/prodimg/productDesc/descImg/201404/desc6284/9123820115/1_24.jpg\" />\r\n			</td>\r\n		</tr>\r\n		<tr>\r\n			<td>\r\n				<img width=\"750\" height=\"166\" class=\"gomeImgLoad\" alt=\"\" src=\"http://img5.gomein.net.cn/image/prodimg/productDesc/descImg/201404/desc6284/9123820115/1_25.jpg\" />\r\n			</td>\r\n		</tr>\r\n		<tr>\r\n			<td>\r\n				<img width=\"750\" height=\"166\" class=\"gomeImgLoad\" alt=\"\" src=\"http://img5.gomein.net.cn/image/prodimg/productDesc/descImg/201404/desc6284/9123820115/1_26.jpg\" />\r\n			</td>\r\n		</tr>\r\n		<tr>\r\n			<td>\r\n				<img width=\"750\" height=\"165\" class=\"gomeImgLoad\" alt=\"\" src=\"http://img5.gomein.net.cn/image/prodimg/productDesc/descImg/201404/desc6284/9123820115/1_27.jpg\" />\r\n			</td>\r\n		</tr>\r\n		<tr>\r\n			<td>\r\n				<img width=\"750\" height=\"166\" class=\"gomeImgLoad\" alt=\"\" src=\"http://img5.gomein.net.cn/image/prodimg/productDesc/descImg/201404/desc6284/9123820115/1_28.jpg\" />\r\n			</td>\r\n		</tr>\r\n		<tr>\r\n			<td>\r\n				<img width=\"750\" height=\"166\" class=\"gomeImgLoad\" alt=\"\" src=\"http://img5.gomein.net.cn/image/prodimg/productDesc/descImg/201404/desc6284/9123820115/1_29.jpg\" />\r\n			</td>\r\n		</tr>\r\n		<tr>\r\n			<td>\r\n				<img width=\"750\" height=\"165\" class=\"gomeImgLoad\" alt=\"\" src=\"http://img5.gomein.net.cn/image/prodimg/productDesc/descImg/201404/desc6284/9123820115/1_30.jpg\" />\r\n			</td>\r\n		</tr>\r\n		<tr>\r\n			<td>\r\n				<img width=\"750\" height=\"166\" class=\"gomeImgLoad\" alt=\"\" src=\"http://img5.gomein.net.cn/image/prodimg/productDesc/descImg/201404/desc6284/9123820115/1_31.jpg\" />\r\n			</td>\r\n		</tr>\r\n		<tr>\r\n			<td>\r\n				<img width=\"750\" height=\"166\" class=\"gomeImgLoad\" alt=\"\" src=\"http://img5.gomein.net.cn/image/prodimg/productDesc/descImg/201404/desc6284/9123820115/1_32.jpg\" />\r\n			</td>\r\n		</tr>\r\n		<tr>\r\n			<td>\r\n				<img width=\"750\" height=\"166\" class=\"gomeImgLoad\" alt=\"\" src=\"http://img5.gomein.net.cn/image/prodimg/productDesc/descImg/201404/desc6284/9123820115/1_33.jpg\" />\r\n			</td>\r\n		</tr>\r\n		<tr>\r\n			<td>\r\n				<img width=\"750\" height=\"165\" class=\"gomeImgLoad\" alt=\"\" src=\"http://img5.gomein.net.cn/image/prodimg/productDesc/descImg/201404/desc6284/9123820115/1_34.jpg\" />\r\n			</td>\r\n		</tr>\r\n		<tr>\r\n			<td>\r\n				<img width=\"750\" height=\"166\" class=\"gomeImgLoad\" alt=\"\" src=\"http://img5.gomein.net.cn/image/prodimg/productDesc/descImg/201404/desc6284/9123820115/1_35.jpg\" />\r\n			</td>\r\n		</tr>\r\n		<tr>\r\n			<td>\r\n				<img width=\"750\" height=\"166\" class=\"gomeImgLoad\" alt=\"\" src=\"http://img5.gomein.net.cn/image/prodimg/productDesc/descImg/201404/desc6284/9123820115/1_36.jpg\" />\r\n			</td>\r\n		</tr>\r\n		<tr>\r\n			<td>\r\n				<img width=\"750\" height=\"165\" class=\"gomeImgLoad\" alt=\"\" src=\"http://img5.gomein.net.cn/image/prodimg/productDesc/descImg/201404/desc6284/9123820115/1_37.jpg\" />\r\n			</td>\r\n		</tr>\r\n		<tr>\r\n			<td>\r\n				<img width=\"750\" height=\"166\" class=\"gomeImgLoad\" alt=\"\" src=\"http://img5.gomein.net.cn/image/prodimg/productDesc/descImg/201404/desc6284/9123820115/1_38.jpg\" />\r\n			</td>\r\n		</tr>\r\n		<tr>\r\n			<td>\r\n				<img width=\"750\" height=\"166\" class=\"gomeImgLoad\" alt=\"\" src=\"http://img5.gomein.net.cn/image/prodimg/productDesc/descImg/201404/desc6284/9123820115/1_39.jpg\" />\r\n			</td>\r\n		</tr>\r\n		<tr>\r\n			<td>\r\n				<img width=\"750\" height=\"166\" class=\"gomeImgLoad\" alt=\"\" src=\"http://img5.gomein.net.cn/image/prodimg/productDesc/descImg/201404/desc6284/9123820115/1_40.jpg\" />\r\n			</td>\r\n		</tr>\r\n		<tr>\r\n			<td>\r\n				<img width=\"750\" height=\"165\" class=\"gomeImgLoad\" alt=\"\" src=\"http://img5.gomein.net.cn/image/prodimg/productDesc/descImg/201404/desc6284/9123820115/1_41.jpg\" />\r\n			</td>\r\n		</tr>\r\n		<tr>\r\n			<td>\r\n				<img width=\"750\" height=\"166\" class=\"gomeImgLoad\" alt=\"\" src=\"http://img5.gomein.net.cn/image/prodimg/productDesc/descImg/201404/desc6284/9123820115/1_42.jpg\" />\r\n			</td>\r\n		</tr>\r\n		<tr>\r\n			<td>\r\n				<img width=\"750\" height=\"166\" class=\"gomeImgLoad\" alt=\"\" src=\"http://img5.gomein.net.cn/image/prodimg/productDesc/descImg/201404/desc6284/9123820115/1_43.jpg\" />\r\n			</td>\r\n		</tr>\r\n		<tr>\r\n			<td>\r\n				<img width=\"750\" height=\"165\" class=\"gomeImgLoad\" alt=\"\" src=\"http://img5.gomein.net.cn/image/prodimg/productDesc/descImg/201404/desc6284/9123820115/1_44.jpg\" />\r\n			</td>\r\n		</tr>\r\n		<tr>\r\n			<td>\r\n				<img width=\"750\" height=\"166\" class=\"gomeImgLoad\" alt=\"\" src=\"http://img5.gomein.net.cn/image/prodimg/productDesc/descImg/201404/desc6284/9123820115/1_45.jpg\" />\r\n			</td>\r\n		</tr>\r\n		<tr>\r\n			<td>\r\n				<img width=\"750\" height=\"166\" class=\"gomeImgLoad\" alt=\"\" src=\"http://img5.gomein.net.cn/image/prodimg/productDesc/descImg/201404/desc6284/9123820115/1_46.jpg\" />\r\n			</td>\r\n		</tr>\r\n		<tr>\r\n			<td>\r\n				<img width=\"750\" height=\"166\" class=\"gomeImgLoad\" alt=\"\" src=\"http://img5.gomein.net.cn/image/prodimg/productDesc/descImg/201404/desc6284/9123820115/1_47.jpg\" />\r\n			</td>\r\n		</tr>\r\n		<tr>\r\n			<td>\r\n				<img width=\"750\" height=\"165\" class=\"gomeImgLoad\" alt=\"\" src=\"http://img5.gomein.net.cn/image/prodimg/productDesc/descImg/201404/desc6284/9123820115/1_48.jpg\" />\r\n			</td>\r\n		</tr>\r\n		<tr>\r\n			<td>\r\n				<img width=\"750\" height=\"166\" class=\"gomeImgLoad\" alt=\"\" src=\"http://img5.gomein.net.cn/image/prodimg/productDesc/descImg/201404/desc6284/9123820115/1_49.jpg\" />\r\n			</td>\r\n		</tr>\r\n		<tr>\r\n			<td>\r\n				<img width=\"750\" height=\"166\" class=\"gomeImgLoad\" alt=\"\" src=\"http://img5.gomein.net.cn/image/prodimg/productDesc/descImg/201404/desc6284/9123820115/1_50.jpg\" />\r\n			</td>\r\n		</tr>\r\n		<tr>\r\n			<td>\r\n				<img width=\"750\" height=\"165\" class=\"gomeImgLoad\" alt=\"\" src=\"http://img5.gomein.net.cn/image/prodimg/productDesc/descImg/201404/desc6284/9123820115/1_51.jpg\" />\r\n			</td>\r\n		</tr>\r\n		<tr>\r\n			<td>\r\n				<img width=\"750\" height=\"166\" class=\"gomeImgLoad\" alt=\"\" src=\"http://img5.gomein.net.cn/image/prodimg/productDesc/descImg/201404/desc6284/9123820115/1_52.jpg\" />\r\n			</td>\r\n		</tr>\r\n		<tr>\r\n			<td>\r\n				<img width=\"750\" height=\"166\" class=\"gomeImgLoad\" alt=\"\" src=\"http://img5.gomein.net.cn/image/prodimg/productDesc/descImg/201404/desc6284/9123820115/1_53.jpg\" />\r\n			</td>\r\n		</tr>\r\n		<tr>\r\n			<td>\r\n				<img width=\"750\" height=\"166\" class=\"gomeImgLoad\" alt=\"\" src=\"http://img5.gomein.net.cn/image/prodimg/productDesc/descImg/201404/desc6284/9123820115/1_54.jpg\" />\r\n			</td>\r\n		</tr>\r\n		<tr>\r\n			<td>\r\n			</td>\r\n		</tr>\r\n	</tbody>\r\n</table>', '0', 'admin', '2020-08-27 09:39:23', '34');
INSERT INTO `dt_article` VALUES ('101', '7', '51', 'Shinco/新科 S2300 无线麦克风 无线手持话筒 双手麦 KTV 舞台', 'xinke.png', 'Shinco/新科 S2300 无线麦克风 无线手持话筒 双手麦 KTV 舞台有买就有送，买麦克风买一送九（话筒海绵套2个，话筒防滑胶圈2个，电脑转接头1个，5号电池4只），不容错过，数量有限，送完为止！', '<img class=\"gomeImgLoad\" alt=\"\" src=\"http://img5.gomein.net.cn/image/bbcimg/productDesc/descImg/201410/desc04/A0003850992/2989713.jpg\" />', '0', 'admin', '2020-08-21 18:40:39', '56');
INSERT INTO `dt_article` VALUES ('102', '9', '22', '柳岩出席设计师好友兰玉的高级成衣发布Show', 'liuyan.jpg', '龙星妍，中日混血儿，网络红人。有着内地新生代“性感宝贝”、时尚嫩模之称，平面广告模特、影视剧演员、歌手，是《瑞丽》《淑媛》《男人装》《女友》《时尚》等大型时尚杂志的御用模特。 《男人装》年度飞跃之星 　　“精品十五年”最佳新锐明星奖 　　“风尚中国榜”最佳风尚…', '北京四季酒店,柳岩出席设计师好友兰玉的高级成衣发布Show,她身穿兰玉设计的纯白卡肩礼服惊艳登场,优雅晚装发髻搭配翡翠镶钻珠宝,举手投足尽显大气温婉,而卡肩低胸的礼服设计更是衬托出柳岩傲人的事业线资本,性感指数爆灯,入场即引来现场阵阵骚动,柳岩轻松看秀全程甜笑连连,心情靓绝。', '133', 'admin', '2018-11-23 15:03:50', null);

-- ----------------------------
-- Table structure for dt_article_albums
-- ----------------------------
DROP TABLE IF EXISTS `dt_article_albums`;
CREATE TABLE `dt_article_albums` (
  `id` int(11) NOT NULL AUTO_INCREMENT,
  `article_id` int(11) DEFAULT NULL,
  `thumb_path` varchar(255) DEFAULT NULL,
  `original_path` varchar(255) DEFAULT NULL,
  `add_time` timestamp NOT NULL DEFAULT CURRENT_TIMESTAMP ON UPDATE CURRENT_TIMESTAMP,
  PRIMARY KEY (`id`)
) ENGINE=InnoDB AUTO_INCREMENT=84 DEFAULT CHARSET=utf8 AVG_ROW_LENGTH=212 ROW_FORMAT=DYNAMIC;

-- ----------------------------
-- Records of dt_article_albums
-- ----------------------------
INSERT INTO `dt_article_albums` VALUES ('37', '45', 'vass1-thumb.jpg', 'vass1.jpg', '2018-11-23 15:16:50');
INSERT INTO `dt_article_albums` VALUES ('38', '45', 'vass2-thumb.jpg', 'vass2.jpg', '2018-11-23 15:16:58');
INSERT INTO `dt_article_albums` VALUES ('53', '52', 'zhongri1-thumb.jpg', 'zhongri1.jpg', '2018-11-23 15:09:56');
INSERT INTO `dt_article_albums` VALUES ('54', '52', 'zhongri2-thumb.jpg', 'zhongri2.jpg', '2018-11-23 15:10:36');
INSERT INTO `dt_article_albums` VALUES ('55', '52', 'zhongri3-thumb.jpg', 'zhongri3.jpg', '2018-11-23 15:10:42');
INSERT INTO `dt_article_albums` VALUES ('56', '91', 'nk1-thumb.jpg', null, '2018-11-23 17:10:06');
INSERT INTO `dt_article_albums` VALUES ('62', '91', 'nk2-thumb.jpg', null, '2018-11-23 17:10:29');
INSERT INTO `dt_article_albums` VALUES ('63', '87', 'huaweiry.png', null, '2020-08-21 10:26:41');
INSERT INTO `dt_article_albums` VALUES ('64', '87', 'huaweiry2.png', null, '2020-08-21 10:26:41');
INSERT INTO `dt_article_albums` VALUES ('65', '88', 'iphone6plus.png', null, '2020-08-21 10:30:04');
INSERT INTO `dt_article_albums` VALUES ('66', '88', 'iphone6plus2.png', null, '2020-08-21 10:30:18');
INSERT INTO `dt_article_albums` VALUES ('67', '92', 'lenovo1.png', null, '2020-08-27 09:29:37');
INSERT INTO `dt_article_albums` VALUES ('68', '92', 'lenovo2.png', null, '2020-08-27 09:29:48');
INSERT INTO `dt_article_albums` VALUES ('69', '94', 'jsu1.png', null, '2020-08-27 09:32:17');
INSERT INTO `dt_article_albums` VALUES ('70', '94', 'jds2.png', null, '2020-08-27 09:32:49');
INSERT INTO `dt_article_albums` VALUES ('71', '95', 'hp1.png', null, '2020-08-27 09:33:38');
INSERT INTO `dt_article_albums` VALUES ('72', '95', 'hp2.png', null, '2020-08-27 09:33:44');
INSERT INTO `dt_article_albums` VALUES ('73', '93', 'imac1.png', null, '2020-08-27 09:34:31');
INSERT INTO `dt_article_albums` VALUES ('74', '93', 'imac2.png', null, '2020-08-27 09:34:23');
INSERT INTO `dt_article_albums` VALUES ('75', '101', 'mkf1.png', null, '2020-08-27 09:35:15');
INSERT INTO `dt_article_albums` VALUES ('76', '98', 'xy1.png', null, '2020-08-27 09:36:05');
INSERT INTO `dt_article_albums` VALUES ('77', '98', 'xy2.png', null, '2020-08-27 09:36:08');
INSERT INTO `dt_article_albums` VALUES ('79', '100', 'jiashiqi2.png', null, '2020-08-27 09:40:16');
INSERT INTO `dt_article_albums` VALUES ('80', '90', 'jn1.png', null, '2020-08-27 09:47:51');
INSERT INTO `dt_article_albums` VALUES ('81', '90', 'jn2.png', null, '2020-08-27 09:48:07');
INSERT INTO `dt_article_albums` VALUES ('82', '89', 'xmnote1.png', null, '2020-08-27 09:48:46');
INSERT INTO `dt_article_albums` VALUES ('83', '89', 'xmnote2.png', null, '2020-08-27 09:48:57');

-- ----------------------------
-- Table structure for dt_article_attribute_value
-- ----------------------------
DROP TABLE IF EXISTS `dt_article_attribute_value`;
CREATE TABLE `dt_article_attribute_value` (
  `article_id` int(11) DEFAULT NULL,
  `goods_no` varchar(100) DEFAULT NULL,
  `stock_quantity` int(11) DEFAULT NULL,
  `market_price` double DEFAULT NULL,
  `sell_price` double DEFAULT NULL
) ENGINE=InnoDB DEFAULT CHARSET=utf8 AVG_ROW_LENGTH=184 ROW_FORMAT=DYNAMIC;

-- ----------------------------
-- Records of dt_article_attribute_value
-- ----------------------------
INSERT INTO `dt_article_attribute_value` VALUES ('87', 'SD9102356032', '60', '2499', '2195');
INSERT INTO `dt_article_attribute_value` VALUES ('88', 'SD7159810321', '200', '6388', '5780');
INSERT INTO `dt_article_attribute_value` VALUES ('89', 'SD2932214404', '60', '2699', '2199');
INSERT INTO `dt_article_attribute_value` VALUES ('90', 'SD8861076806', '100', '5099', '4799');
INSERT INTO `dt_article_attribute_value` VALUES ('91', 'SD1260286073', '10', '3150', '2780');
INSERT INTO `dt_article_attribute_value` VALUES ('92', 'SD6808149048', '100', '4599', '2999');
INSERT INTO `dt_article_attribute_value` VALUES ('93', 'SD9683710842', '10', '7988', '7200');
INSERT INTO `dt_article_attribute_value` VALUES ('94', 'SD3720019286', '100', '99', '79');
INSERT INTO `dt_article_attribute_value` VALUES ('95', 'SD6808159034', '100', '2099', '1899');
INSERT INTO `dt_article_attribute_value` VALUES ('97', 'SD345234674', '100', '3599', '3299');
INSERT INTO `dt_article_attribute_value` VALUES ('98', 'SD6583245641', '10', '5880', '4880');
INSERT INTO `dt_article_attribute_value` VALUES ('99', 'SD3092308422', '100', '499', '399');
INSERT INTO `dt_article_attribute_value` VALUES ('100', 'SD5674897403', '50', '59', '49');
INSERT INTO `dt_article_attribute_value` VALUES ('101', 'SD3973042344', '20', '269', '199');

-- ----------------------------
-- Table structure for dt_article_category
-- ----------------------------
DROP TABLE IF EXISTS `dt_article_category`;
CREATE TABLE `dt_article_category` (
  `id` int(11) NOT NULL AUTO_INCREMENT,
  `channel_id` int(11) DEFAULT NULL,
  `title` varchar(100) DEFAULT NULL,
  `parent_id` int(11) DEFAULT NULL,
  `img_url` varchar(255) DEFAULT NULL,
  `content` longtext,
  PRIMARY KEY (`id`)
) ENGINE=InnoDB AUTO_INCREMENT=24 DEFAULT CHARSET=utf8 AVG_ROW_LENGTH=334 ROW_FORMAT=DYNAMIC;

-- ----------------------------
-- Records of dt_article_category
-- ----------------------------
INSERT INTO `dt_article_category` VALUES ('3', '6', '互联网媒体', '0', '', '');
INSERT INTO `dt_article_category` VALUES ('4', '6', '科技财经', '0', '', '');
INSERT INTO `dt_article_category` VALUES ('5', '6', '汽车房产', '0', '', '');
INSERT INTO `dt_article_category` VALUES ('6', '6', '人物动态', '3', '', '');
INSERT INTO `dt_article_category` VALUES ('17', '9', '空间设计', '14', '', '');
INSERT INTO `dt_article_category` VALUES ('18', '9', '户型装饰', '14', '', '');
INSERT INTO `dt_article_category` VALUES ('20', '9', '摄影学习', '15', '', '');
INSERT INTO `dt_article_category` VALUES ('22', '9', '明星写真', '16', '', '');
INSERT INTO `dt_article_category` VALUES ('23', '9', '清纯甜美', '16', '', '');

-- ----------------------------
-- Table structure for dt_article_comment
-- ----------------------------
DROP TABLE IF EXISTS `dt_article_comment`;
CREATE TABLE `dt_article_comment` (
  `id` int(11) NOT NULL AUTO_INCREMENT,
  `channel_id` int(11) DEFAULT NULL,
  `article_id` int(11) DEFAULT NULL,
  `parent_id` int(11) DEFAULT NULL,
  `user_id` int(11) DEFAULT NULL,
  `user_name` varchar(100) DEFAULT NULL,
  `content` longtext,
  `add_time` datetime NOT NULL,
  PRIMARY KEY (`id`)
) ENGINE=InnoDB AUTO_INCREMENT=781 DEFAULT CHARSET=utf8;

-- ----------------------------
-- Records of dt_article_comment
-- ----------------------------
INSERT INTO `dt_article_comment` VALUES ('76', null, '19', null, null, '匿名用户', '哈哈', '2020-02-19 17:51:56');
INSERT INTO `dt_article_comment` VALUES ('77', null, '19', null, null, '匿名用户', '抖音记录美好生活', '2020-02-19 17:52:05');
INSERT INTO `dt_article_comment` VALUES ('92', null, '14', null, null, '匿名用户', 'wewewe', '2020-08-21 08:56:06');
INSERT INTO `dt_article_comment` VALUES ('93', null, '14', null, null, '匿名用户', '超精彩的评论', '2020-08-21 08:56:48');
INSERT INTO `dt_article_comment` VALUES ('94', null, '14', null, null, '匿名用户', '哈哈哈', '2020-08-21 08:57:21');
INSERT INTO `dt_article_comment` VALUES ('95', null, '14', null, null, '匿名用户', '可以啊', '2020-08-21 08:58:22');
INSERT INTO `dt_article_comment` VALUES ('96', null, '14', null, null, '匿名用户', '太棒了', '2020-08-21 08:59:17');
INSERT INTO `dt_article_comment` VALUES ('97', null, '13', null, null, '匿名用户', '插槽插槽', '2020-08-21 12:11:33');
INSERT INTO `dt_article_comment` VALUES ('269', null, '13', null, null, '匿名用户', 'efdafasdf爱上大润发i暗示点卡上本地百世快递吧按客户的卡撒大苏打会完全呃塔防啊防护案件的', '2020-08-30 18:48:08');
INSERT INTO `dt_article_comment` VALUES ('503', null, '19', null, null, '匿名用户', '嗯呢', '2020-08-31 16:15:32');
INSERT INTO `dt_article_comment` VALUES ('504', null, '96', null, null, '匿名用户', '惠普创造美好生活', '2020-08-31 16:17:56');
INSERT INTO `dt_article_comment` VALUES ('661', null, '41', null, null, '匿名用户', '真的假的', '2020-09-01 14:12:40');
INSERT INTO `dt_article_comment` VALUES ('693', null, '52', null, null, '匿名用户', '老健到此 一游', '2020-09-01 15:23:45');
INSERT INTO `dt_article_comment` VALUES ('694', null, '52', null, null, '匿名用户', 'undefined', '2020-09-01 15:28:43');
INSERT INTO `dt_article_comment` VALUES ('695', null, '52', null, null, '匿名用户', '老健到此 二游', '2020-09-01 15:55:02');
INSERT INTO `dt_article_comment` VALUES ('696', null, '37', null, null, '匿名用户', '111', '2020-09-01 15:57:25');
INSERT INTO `dt_article_comment` VALUES ('697', null, '38', null, null, '匿名用户', 'znhf', '2020-09-01 16:18:18');
INSERT INTO `dt_article_comment` VALUES ('698', null, '41', null, null, '匿名用户', '假的吧', '2020-09-01 16:42:43');
INSERT INTO `dt_article_comment` VALUES ('699', null, '41', null, null, '匿名用户', '早上买的房，中午住的，晚上走的', '2020-09-01 16:44:28');
INSERT INTO `dt_article_comment` VALUES ('700', null, '37', null, null, '匿名用户', '郑某生在此评论', '2020-09-01 16:46:41');
INSERT INTO `dt_article_comment` VALUES ('701', null, '39', null, null, '匿名用户', 'undefined', '2020-09-01 16:56:16');
INSERT INTO `dt_article_comment` VALUES ('702', null, '52', null, null, '匿名用户', '老键到此 三游', '2020-09-01 17:01:29');
INSERT INTO `dt_article_comment` VALUES ('703', null, '91', null, null, '匿名用户', '132', '2020-09-01 17:14:00');
INSERT INTO `dt_article_comment` VALUES ('706', null, '50', null, null, '匿名用户', '老健真帅', '2020-09-01 19:30:42');
INSERT INTO `dt_article_comment` VALUES ('707', null, '13', null, null, '匿名用户', '梓壕是弟弟', '2020-09-01 19:32:51');
INSERT INTO `dt_article_comment` VALUES ('708', null, '13', null, null, '匿名用户', '梓壕是弟弟', '2020-09-01 19:33:09');
INSERT INTO `dt_article_comment` VALUES ('739', null, '52', null, null, '匿名用户', '老健到此四游', '2020-09-03 16:18:03');
INSERT INTO `dt_article_comment` VALUES ('740', null, '102', null, null, '匿名用户', '柳大奶真棒', '2020-09-03 16:18:34');
INSERT INTO `dt_article_comment` VALUES ('772', null, '97', null, null, '匿名用户', '111', '2020-09-09 21:34:28');
INSERT INTO `dt_article_comment` VALUES ('773', null, '27', null, null, '匿名用户', 'abc', '2020-09-10 02:33:50');
INSERT INTO `dt_article_comment` VALUES ('774', null, '15', null, null, '匿名用户', 'undefined', '2020-09-10 14:13:08');
INSERT INTO `dt_article_comment` VALUES ('775', null, '14', null, null, '匿名用户', '教师节快乐', '2020-09-10 16:27:11');
INSERT INTO `dt_article_comment` VALUES ('776', null, '14', null, null, '匿名用户', '教师节快乐', '2020-09-10 16:27:13');
INSERT INTO `dt_article_comment` VALUES ('777', null, '14', null, null, '匿名用户', '666横流', '2020-09-10 16:28:49');
INSERT INTO `dt_article_comment` VALUES ('778', null, '16', null, null, '匿名用户', 'undefined', '2020-09-10 16:31:24');
INSERT INTO `dt_article_comment` VALUES ('779', null, '95', null, null, '匿名用户', 'undefined', '2020-09-10 19:51:20');
INSERT INTO `dt_article_comment` VALUES ('780', null, '37', null, null, '匿名用户', 'undefined', '2020-09-11 14:41:03');

-- ----------------------------
-- Table structure for goods_order
-- ----------------------------
DROP TABLE IF EXISTS `goods_order`;
CREATE TABLE `goods_order` (
  `id` int(11) NOT NULL AUTO_INCREMENT,
  `order_id` varchar(255) DEFAULT NULL,
  `user_id` int(11) DEFAULT NULL,
  `address_id` int(11) DEFAULT '0',
  `total_price` decimal(10,2) DEFAULT NULL,
  `actual_price` decimal(10,2) DEFAULT NULL,
  `pay_way` varchar(255) DEFAULT NULL,
  `status` tinyint(4) DEFAULT '0' COMMENT '0-未付款 1-已付款 2-已发货 3-完成',
  `add_time` int(11) DEFAULT '0',
  `number` smallint(6) DEFAULT '0',
  `goods_ids` varchar(255) DEFAULT '' COMMENT '商品id  13,14',
  `openid` varchar(255) DEFAULT NULL,
  `transaction_id` varchar(255) DEFAULT NULL,
  PRIMARY KEY (`id`)
) ENGINE=InnoDB AUTO_INCREMENT=24 DEFAULT CHARSET=utf8;

-- ----------------------------
-- Records of goods_order
-- ----------------------------
INSERT INTO `goods_order` VALUES ('1', '20200911111724195473', '1', '1', '8340.00', '0.01', '微信支付', '2', '1599794245', '3', '91', null, null);
INSERT INTO `goods_order` VALUES ('2', '20200911111743390182', '86', '1', '2999.00', '0.01', '微信支付', '1', '1599794264', '1', '92', 'oZPHRwm_wqvTZBtJL0RtZEwuqkeg', '4200000699202009118180304270');
INSERT INTO `goods_order` VALUES ('3', '20200911111802226746', '1', '1', '2195.00', '0.01', '微信支付', '0', '1599794282', '1', '87', null, null);
INSERT INTO `goods_order` VALUES ('4', '20200911111812928695', '1', '1', '58380.00', '0.01', '微信支付', '0', '1599794293', '21', '91', null, null);
INSERT INTO `goods_order` VALUES ('5', '20200911111832960207', '1', '1', '58380.00', '0.01', '微信支付', '1', '1599794313', '21', '91', 'oZPHRwkr0TOYcIvW673R7kNBnxSI', '4200000686202009115724673077');
INSERT INTO `goods_order` VALUES ('6', '20200911111835541413', '1', '1', '76825.00', '0.01', '微信支付', '1', '1599794318', '35', '87', 'oZPHRwn-O546JKWumtq03Wpm77KI', '4200000690202009115248979834');
INSERT INTO `goods_order` VALUES ('7', '20200911111901131425', '27', '1', '28794.00', '0.01', '微信支付', '0', '1599794341', '6', '90', null, null);
INSERT INTO `goods_order` VALUES ('8', '20200911111904406447', '1', '1', '2195.00', '0.01', '微信支付', '1', '1599794344', '1', '87', 'oZPHRwkm0kjEeymtEFxlpmiDqprg', '4200000674202009113181915733');
INSERT INTO `goods_order` VALUES ('9', '20200911111921617625', '1', '1', '4390.00', '0.01', '微信支付', '0', '1599794361', '2', '87', null, null);
INSERT INTO `goods_order` VALUES ('10', '20200911111927208631', '32', '1', '6585.00', '0.01', '微信支付', '1', '1599794367', '3', '87', 'oZPHRwoaHMqOXBY3-5tWoZoRFw6E', '4200000691202009118592963619');
INSERT INTO `goods_order` VALUES ('11', '20200911111951852714', '1', '1', '11560.00', '0.01', '微信支付', '1', '1599794393', '2', '88', 'oZPHRwvD2EpleCkfSzSedVPR5mNY', '4200000694202009111723641307');
INSERT INTO `goods_order` VALUES ('12', '20200911111953898100', '39', '1', '11560.00', '0.01', '微信支付', '2', '1599794393', '2', '88', null, null);
INSERT INTO `goods_order` VALUES ('13', '20200911112015551380', '24', '1', '7200.00', '0.01', '微信支付', '2', '1599794415', '1', '93', null, null);
INSERT INTO `goods_order` VALUES ('14', '20200911112025958346', '1', '1', '6585.00', '0.01', '微信支付', '1', '1599794425', '3', '87', 'oZPHRwlJU_mupiMVSBlPBUWOray0', '4200000688202009118359040964');
INSERT INTO `goods_order` VALUES ('15', '20200911112057914325', '28', '1', '4799.00', '0.01', '微信支付', '0', '1599794457', '1', '90', null, null);
INSERT INTO `goods_order` VALUES ('16', '20200911112059646686', '1', '1', '4880.00', '0.01', '微信支付', '1', '1599794462', '1', '98', 'oZPHRwsirPHztrE3-lWreboCD830', '4200000696202009110296529991');
INSERT INTO `goods_order` VALUES ('17', '20200911140457765469', '1', '1', '9760.00', '0.01', '微信支付', '0', '1599804298', '2', '98', null, null);
INSERT INTO `goods_order` VALUES ('18', '20200911140832960918', '49', '1', '7975.00', '0.01', '微信支付', '0', '1599804512', '2', '88,87', null, null);
INSERT INTO `goods_order` VALUES ('19', '20200911140858906033', '32', '1', '11560.00', '0.01', '微信支付', '0', '1599804537', '2', '88', null, null);
INSERT INTO `goods_order` VALUES ('20', '20200911140908996723', '48', '1', '2195.00', '0.01', '微信支付', '1', '1599804548', '1', '87', 'oZPHRwpbH_pDYg7y7ExjXp5lUQHc', '4200000694202009111842209161');
INSERT INTO `goods_order` VALUES ('21', '20200911142629256639', '1', '1', '3600000.00', '0.01', '微信支付', '0', '1599805590', '5', '93', null, null);
INSERT INTO `goods_order` VALUES ('22', '20200911152402198760', '1', '1', '3189900.00', '0.01', '微信支付', '0', '1599809043', '6', '88,92', null, null);
INSERT INTO `goods_order` VALUES ('23', '20200911152920203426', '32', '1', '8780.00', '0.01', '微信支付', '0', '1599809359', '4', '87', null, null);

-- ----------------------------
-- Table structure for users
-- ----------------------------
DROP TABLE IF EXISTS `users`;
CREATE TABLE `users` (
  `id` int(11) NOT NULL AUTO_INCREMENT,
  `username` varchar(50) DEFAULT NULL,
  `password` varchar(50) DEFAULT NULL,
  `tel` char(30) DEFAULT NULL,
  `email` varchar(30) DEFAULT NULL,
  `nickname` varchar(100) DEFAULT NULL,
  `login_time` datetime DEFAULT NULL,
  `openid` varchar(255) DEFAULT NULL,
  `sex` tinyint(1) DEFAULT NULL,
  `token` varchar(255) DEFAULT NULL,
  PRIMARY KEY (`id`)
) ENGINE=InnoDB AUTO_INCREMENT=87 DEFAULT CHARSET=utf8;

-- ----------------------------
-- Records of users
-- ----------------------------
INSERT INTO `users` VALUES ('1', '111', '222', '11111', null, null, null, null, null, null);
INSERT INTO `users` VALUES ('2', '222', '333', '22222', null, null, null, null, null, null);
INSERT INTO `users` VALUES ('3', 'luoluo', '565656', null, null, null, null, null, null, null);
INSERT INTO `users` VALUES ('4', 'admin', '123456', null, null, null, null, null, null, null);
INSERT INTO `users` VALUES ('5', 'user1', 'user1', null, null, null, null, null, null, null);
INSERT INTO `users` VALUES ('6', 'keyben', '123456', null, null, null, null, null, null, null);
INSERT INTO `users` VALUES ('7', '123123', '123123', null, null, null, null, null, null, null);
INSERT INTO `users` VALUES ('8', '333', '333', null, null, null, null, null, null, null);
INSERT INTO `users` VALUES ('9', '444', '444', null, null, null, null, null, null, null);
INSERT INTO `users` VALUES ('10', '123123123', '123123', null, null, null, null, null, null, null);
INSERT INTO `users` VALUES ('11', 'xx', 'xx', null, null, null, null, null, null, null);
INSERT INTO `users` VALUES ('12', '11', '111', null, null, null, null, null, null, null);
INSERT INTO `users` VALUES ('13', 'undefined', 'undefined', null, null, null, null, null, null, null);
INSERT INTO `users` VALUES ('14', 'kk', 'kk', null, null, null, null, null, null, null);
INSERT INTO `users` VALUES ('15', 'aa', '123456', null, null, null, null, null, null, null);
INSERT INTO `users` VALUES ('16', '2355', '2355', null, null, null, null, null, null, null);
INSERT INTO `users` VALUES ('17', 'vvvv', 'vvvv', null, null, null, null, null, null, null);
INSERT INTO `users` VALUES ('18', 'kioum', '222', null, null, null, null, null, null, null);
INSERT INTO `users` VALUES ('19', 'bbbbb', 'bbbbb', null, null, null, null, null, null, null);
INSERT INTO `users` VALUES ('20', '999', '123456', null, null, null, null, null, null, null);
INSERT INTO `users` VALUES ('21', '88888', '111', null, null, null, null, null, null, null);
INSERT INTO `users` VALUES ('22', '99999', '111', null, null, null, null, null, null, null);
INSERT INTO `users` VALUES ('23', '666', '111', null, null, null, null, null, null, null);
INSERT INTO `users` VALUES ('24', 'laojian', '123', null, null, null, null, null, null, null);
INSERT INTO `users` VALUES ('25', 'laojian1', '123', null, null, null, null, null, null, null);
INSERT INTO `users` VALUES ('26', '777', '777', null, null, null, null, null, null, null);
INSERT INTO `users` VALUES ('27', 'aaaa', 'aa', null, null, null, null, null, null, null);
INSERT INTO `users` VALUES ('28', 'huli', '123', null, null, null, null, null, null, null);
INSERT INTO `users` VALUES ('29', 'hulihuli', 'aaa', null, null, null, null, null, null, null);
INSERT INTO `users` VALUES ('30', 'homihomi1', '123', null, null, null, null, null, null, null);
INSERT INTO `users` VALUES ('31', 'homi1', '123', null, null, null, null, null, null, null);
INSERT INTO `users` VALUES ('32', 'homi', '123', null, null, null, null, null, null, null);
INSERT INTO `users` VALUES ('33', '6666', '666', null, null, null, null, null, null, null);
INSERT INTO `users` VALUES ('34', '66666', '6666', null, null, null, null, null, null, null);
INSERT INTO `users` VALUES ('35', '666666', '666', null, null, null, null, null, null, null);
INSERT INTO `users` VALUES ('36', 'fg666', '6', null, null, null, null, null, null, null);
INSERT INTO `users` VALUES ('37', '陈银炳是我儿子', '6', null, null, null, null, null, null, null);
INSERT INTO `users` VALUES ('38', '长青', '123', null, null, null, null, null, null, null);
INSERT INTO `users` VALUES ('39', 'key-', '123456', null, null, null, null, null, null, null);
INSERT INTO `users` VALUES ('40', '222\n', '33', null, null, null, null, null, null, null);
INSERT INTO `users` VALUES ('41', '7777', '111', null, null, null, null, null, null, null);
INSERT INTO `users` VALUES ('42', '123', '123', null, null, null, null, null, null, null);
INSERT INTO `users` VALUES ('43', 'hanser', 'lingyuan', null, null, null, null, null, null, null);
INSERT INTO `users` VALUES ('44', 'Mr.K', '123', null, null, null, null, null, null, null);
INSERT INTO `users` VALUES ('45', 'aaa', 'aaa', null, null, null, null, null, null, null);
INSERT INTO `users` VALUES ('46', 'wei', '123', null, null, null, null, null, null, null);
INSERT INTO `users` VALUES ('47', 'afdasd', '111', null, null, null, null, null, null, null);
INSERT INTO `users` VALUES ('48', 'gg', 'gg', null, null, null, null, null, null, null);
INSERT INTO `users` VALUES ('49', 'ggg', 'ggg', null, null, null, null, null, null, null);
INSERT INTO `users` VALUES ('50', '888', '123', null, null, null, null, null, null, null);
INSERT INTO `users` VALUES ('51', '555', '444', null, null, null, null, null, null, null);
INSERT INTO `users` VALUES ('52', '秦长青', '123456', null, null, null, null, null, null, null);
INSERT INTO `users` VALUES ('53', '7778', '777778', null, null, null, null, null, null, null);
INSERT INTO `users` VALUES ('54', '8888', '4444', null, null, null, null, null, null, null);
INSERT INTO `users` VALUES ('55', '5551', '444', null, null, null, null, null, null, null);
INSERT INTO `users` VALUES ('56', 'hhhh', 'hhhh', null, null, null, null, null, null, null);
INSERT INTO `users` VALUES ('57', 'hhhhh', 'hhhhh', null, null, null, null, null, null, null);
INSERT INTO `users` VALUES ('58', '陈银炳的爸爸', '1', null, null, null, null, null, null, null);
INSERT INTO `users` VALUES ('59', '12', 'undefined', null, null, null, null, null, null, null);
INSERT INTO `users` VALUES ('60', '13', 'undefined', null, null, null, null, null, null, null);
INSERT INTO `users` VALUES ('61', '14', 'undefined', null, null, null, null, null, null, null);
INSERT INTO `users` VALUES ('62', '1112', 'undefined', null, null, null, null, null, null, null);
INSERT INTO `users` VALUES ('63', 'kkk', 'undefined', null, null, null, null, null, null, null);
INSERT INTO `users` VALUES ('64', 'tt', 'tt', null, null, null, null, null, null, null);
INSERT INTO `users` VALUES ('65', 'pp', 'pp', null, null, null, null, null, null, null);
INSERT INTO `users` VALUES ('66', 'ss', 'ss', null, null, null, null, null, null, null);
INSERT INTO `users` VALUES ('67', 'yy', 'yy', null, null, null, null, null, null, null);
INSERT INTO `users` VALUES ('68', '8882', '123', null, null, null, null, null, null, null);
INSERT INTO `users` VALUES ('69', 'zzz', '123', null, null, null, null, null, null, null);
INSERT INTO `users` VALUES ('70', '1', '1', null, null, null, null, null, null, null);
INSERT INTO `users` VALUES ('71', 'chen123', 'chen123', null, null, null, null, null, null, null);
INSERT INTO `users` VALUES ('72', '111333', '1113333', null, null, null, null, null, null, null);
INSERT INTO `users` VALUES ('73', '1313', '1313', null, null, null, null, null, null, null);
INSERT INTO `users` VALUES ('74', 'ddf', 'dfd', null, null, null, null, null, null, null);
INSERT INTO `users` VALUES ('75', 'eee', 'eee', null, null, null, null, null, null, null);
INSERT INTO `users` VALUES ('76', 'uu', 'uu', null, null, null, null, null, null, null);
INSERT INTO `users` VALUES ('77', 'bb', 'bb', null, null, null, null, null, null, null);
INSERT INTO `users` VALUES ('78', '33355', '333565', null, null, null, null, null, null, null);
INSERT INTO `users` VALUES ('79', '1234', '11111', null, null, null, null, null, null, null);
INSERT INTO `users` VALUES ('80', 'www', 'www', null, null, null, null, null, null, null);
INSERT INTO `users` VALUES ('81', '1231', '999', null, null, null, null, null, null, null);
INSERT INTO `users` VALUES ('82', '789', '666', null, null, null, null, null, null, null);
INSERT INTO `users` VALUES ('83', '000', '000', null, null, null, null, null, null, null);
INSERT INTO `users` VALUES ('84', 'weiwei', '123', null, null, null, null, null, null, null);
INSERT INTO `users` VALUES ('85', '0000', '0000', null, null, null, null, null, null, null);
INSERT INTO `users` VALUES ('86', '0824', '123', null, null, null, null, null, null, null);
